month,sales_orders,product_sales_cents,product_sales_value,average_order_value,previous_month_product_sales_cents,previous_month_sales_orders,previous_month_average_order_value,product_sales_mom_pct,orders_mom_pct,aov_mom_pct
2017-02,1653,23422340,234223.40,141.70,,,,,,
2017-03,2546,35919885,359198.85,141.08,23422340,1653,141.70,53.36,54.02,-0.43
2017-04,2303,34066968,340669.68,147.92,35919885,2546,141.08,-5.16,-9.54,4.85
2017-05,3546,48933825,489338.25,138.00,34066968,2303,147.92,43.64,53.97,-6.71
2017-06,3135,42192337,421923.37,134.58,48933825,3546,138.00,-13.78,-11.59,-2.47
2017-07,3872,48160452,481604.52,124.38,42192337,3135,134.58,14.15,23.51,-7.58
2017-08,4193,55469970,554699.70,132.29,48160452,3872,124.38,15.18,8.29,6.36
2017-09,4150,60739967,607399.67,146.36,55469970,4193,132.29,9.50,-1.03,10.64
2017-10,4478,64824765,648247.65,144.76,60739967,4150,146.36,6.73,7.90,-1.09
2017-11,7289,98776537,987765.37,135.51,64824765,4478,144.76,52.37,62.77,-6.39
2017-12,5513,72603319,726033.19,131.69,98776537,7289,135.51,-26.50,-24.37,-2.82
2018-01,7069,92464500,924645.00,130.80,72603319,5513,131.69,27.36,28.22,-0.68
2018-02,6555,82643713,826437.13,126.08,92464500,7069,130.80,-10.62,-7.27,-3.61
2018-03,7003,95335625,953356.25,136.14,82643713,6555,126.08,15.36,6.83,7.98
2018-04,6798,97353409,973534.09,143.21,95335625,7003,136.14,2.12,-2.93,5.20
2018-05,6749,97754469,977544.69,144.84,97353409,6798,143.21,0.41,-0.72,1.14
2018-06,6099,85607786,856077.86,140.36,97754469,6749,144.84,-12.43,-9.63,-3.09
2018-07,6159,86795346,867953.46,140.92,85607786,6099,140.36,1.39,0.98,0.40
