order_id,order_status,order_purchase_timestamp,in_reporting_period,sales_eligible,item_count,payment_count,product_sales_cents,freight_cents,expected_payment_cents,payment_cents,difference_cents,difference_band,difference_direction,payment_methods,has_voucher,zero_payment_components
ce6d150fb29ada17d2082f4847107665,delivered,2018-01-25 11:17:02,1,1,1,1,129900,10466,140366,158647,18281,over_one_cent,above,credit_card,0,0
6e5fe7366a2e1bfbf3257dba0af1267f,delivered,2016-10-09 22:36:25,0,0,6,1,17919,10872,28791,40692,11901,over_one_cent,above,credit_card,0,0
70b742795bc441e94a44a084b6d9ce7a,delivered,2017-08-24 10:29:36,1,1,1,1,26999,19694,46693,57882,11189,over_one_cent,above,credit_card,0,0
996c7e73600ad3723e8627ab7bef81e4,delivered,2018-07-16 09:58:16,1,1,1,1,55990,2800,58790,66443,7653,over_one_cent,above,credit_card,0,0
70b7e94ea46d3e8b5bc12a50186edaf0,delivered,2018-01-01 13:06:57,1,1,3,1,16788,4527,21315,27484,6169,over_one_cent,above,credit_card,0,0
bc2c82b0ef78d2252b6176d1972db7c9,delivered,2017-11-13 21:50:45,1,1,3,1,16500,7701,24201,30302,6101,over_one_cent,above,credit_card,0,0
af9ffff2ce6b3defd34fd4c78857a379,delivered,2018-02-14 13:10:37,1,1,1,1,39565,1752,41317,46697,5380,over_one_cent,above,credit_card,0,0
262118ce178bb3e4590a3adcf6d62e6b,delivered,2016-10-06 14:59:56,0,0,2,1,11980,5794,17774,12612,-5162,over_one_cent,below,credit_card,0,0
bfdb5bbb06458d600a33d61f5f287472,delivered,2018-02-04 21:08:05,1,1,1,1,29700,5193,34893,39436,4543,over_one_cent,above,credit_card,0,0
8d9c0dc8d5a2ce804f6b925d8f8e6c1d,delivered,2018-03-19 13:40:14,1,1,2,1,20980,4465,25445,29389,3944,over_one_cent,above,credit_card,0,0
b7579d24f5b2dd3e20f2e57d0e07d170,delivered,2017-04-21 17:49:46,1,1,1,1,44700,1928,46628,50437,3809,over_one_cent,above,credit_card,0,0
abf1130bc676c9dcadf91e24f5e30a30,delivered,2018-01-11 16:24:13,1,1,4,1,39160,6776,45936,49689,3753,over_one_cent,above,credit_card,0,0
b76190a2c095fba255ab46987545a660,delivered,2018-01-16 21:55:29,1,1,2,1,19680,3111,22791,26324,3533,over_one_cent,above,credit_card,0,0
32720c0c8b42f4c2cdb07cee5ec2444b,delivered,2017-11-24 22:46:55,1,1,1,1,13900,8575,22475,25959,3484,over_one_cent,above,credit_card,0,0
6b0ac1bdea322c7060eea92feb9e9a6f,delivered,2018-06-28 14:29:37,1,1,1,1,26400,6387,32787,36256,3469,over_one_cent,above,credit_card,0,0
ee9dfabed586581a184f72e03544b4a2,delivered,2018-01-28 00:28:27,1,1,1,1,28900,1850,30750,34212,3462,over_one_cent,above,credit_card,0,0
e8295bee3fcc58cbd94f165f36c11f4b,delivered,2017-11-24 02:09:24,1,1,1,1,9990,1795,11785,15193,3408,over_one_cent,above,credit_card,0,0
dd7a24d1088cf9ed90329fb0dee088f4,delivered,2017-06-27 16:51:49,1,1,1,1,24900,1031,25931,29307,3376,over_one_cent,above,credit_card,0,0
a69aaa894f707814637e9794aa556f0f,delivered,2018-05-05 20:56:40,1,1,1,1,14480,3455,17935,21187,3252,over_one_cent,above,credit_card,0,0
513a94a0164453b4777d125b836f7ca1,delivered,2018-06-11 22:14:06,1,1,1,1,18410,2409,20819,24047,3228,over_one_cent,above,credit_card,0,0
af37018fa60dd6b208ca5c88052cffee,delivered,2018-02-01 21:50:26,1,1,2,1,15730,8188,23918,27034,3116,over_one_cent,above,credit_card,0,0
3e24e141d5703b84337db96998991424,delivered,2017-09-20 16:10:38,1,1,1,1,21890,1729,23619,26694,3075,over_one_cent,above,credit_card,0,0
21ff9e52b420083bfc502b827916d069,delivered,2017-07-02 12:09:00,1,1,2,1,19980,3590,23570,26638,3068,over_one_cent,above,credit_card,0,0
016726239765c18f66826453f39c64e3,delivered,2017-06-14 09:16:44,1,1,1,1,21999,1514,23513,26577,3064,over_one_cent,above,credit_card,0,0
235a7628971a90567378815bf35d2a67,delivered,2018-02-12 14:39:15,1,1,2,1,15890,2968,18858,21782,2924,over_one_cent,above,credit_card,0,0
239f380355f65dcb68551f07d16fc4a8,delivered,2018-06-26 15:00:56,1,1,1,1,14900,7363,22263,25163,2900,over_one_cent,above,credit_card,0,0
a52e6fa2d7c6ecaf73ff5f7f10438339,delivered,2017-01-28 20:09:18,0,0,1,1,18900,1800,20700,23397,2697,over_one_cent,above,credit_card,0,0
3c845174981c9b87340aa1ce5ef7fc9e,delivered,2018-03-10 20:51:54,1,1,1,1,18697,6698,25395,28080,2685,over_one_cent,above,credit_card,0,0
3198796f14214053998f8f2eca1c9c59,delivered,2017-05-24 09:12:10,1,1,1,1,13000,4294,17294,19975,2681,over_one_cent,above,credit_card,0,0
294b7da16c27e408f2137e10de0d9495,delivered,2018-01-19 01:17:29,1,1,1,1,18156,1852,20008,22614,2606,over_one_cent,above,credit_card,0,0
6f0c925fc5d548afcddeea046d4e30d1,delivered,2018-01-05 17:31:53,1,1,1,1,23800,1792,25592,28189,2597,over_one_cent,above,credit_card,0,0
1cd8d1567debd198821fe9d46d99b5b1,canceled,2017-09-25 20:16:38,1,0,1,1,8950,1538,10488,13000,2512,over_one_cent,above,credit_card,0,0
78d7cdfcab0a42ea5428365d6ad0ff34,delivered,2017-05-06 13:36:32,1,1,1,1,13990,1556,15546,17955,2409,over_one_cent,above,credit_card,0,0
cabb660c11fb7f6bbb5f454ea09c0b9f,delivered,2018-01-31 22:38:08,1,1,2,1,22980,2501,25481,27870,2389,over_one_cent,above,credit_card,0,0
33a7b8ae888999afb219263e9a36fb77,delivered,2018-08-19 21:37:54,0,0,1,1,14800,2734,17534,19819,2285,over_one_cent,above,credit_card,0,0
37af0498017bcfbffca8855bdc9ecc6b,delivered,2018-02-16 17:30:56,1,1,1,1,15300,1832,17132,19363,2231,over_one_cent,above,credit_card,0,0
44be450f0262cf8f77ea4fcab05dafa3,delivered,2017-06-13 19:20:33,1,1,1,1,14900,2028,16928,19132,2204,over_one_cent,above,credit_card,0,0
00789ce015e7e5791c7914f32bb4fad4,delivered,2017-06-28 23:31:33,1,1,1,1,15400,1483,16883,19081,2198,over_one_cent,above,credit_card,0,0
2fdb4ded4a31592814f6865adcaf9ea7,delivered,2018-01-29 19:03:39,1,1,1,1,18900,1789,20689,22878,2189,over_one_cent,above,credit_card,0,0
fd33085945f15975375cd8ec85440511,delivered,2018-08-20 19:34:29,0,0,1,1,21799,1663,23462,21282,-2180,over_one_cent,below,credit_card,0,0
3b773756d8fc59a7cd1a0c4ac584e397,delivered,2017-05-11 14:20:51,1,1,1,1,14090,2627,16717,18896,2179,over_one_cent,above,credit_card,0,0
e42760f40f2fba3ba7529b6157adf501,delivered,2018-01-05 16:15:14,1,1,1,1,12900,1800,14700,16794,2094,over_one_cent,above,credit_card,0,0
8d282c2ddced263b2c6ddf398e3fb6dc,delivered,2018-01-04 17:54:40,1,1,1,1,24900,4918,29818,31896,2078,over_one_cent,above,credit_card,0,0
8c82eab3813ca92415655a5e4b1a8b7a,delivered,2018-01-21 22:29:03,1,1,1,1,5500,1273,6773,8732,1959,over_one_cent,above,credit_card,0,0
29692492693482bc3acf19d97fac69f8,delivered,2018-01-22 16:33:10,1,1,1,1,10990,1379,12369,14286,1917,over_one_cent,above,credit_card,0,0
958e0d4145c40f4951c1bf4d2cf1166a,delivered,2017-06-01 22:12:30,1,1,1,1,10990,1311,12301,14207,1906,over_one_cent,above,credit_card,0,0
ac68b19902b80f75c025b4646f1d9e7c,delivered,2018-04-03 12:19:18,1,1,1,1,11000,7007,18007,19883,1876,over_one_cent,above,credit_card,0,0
4324f32177ce15c52c8e1c570c259dc0,delivered,2017-03-11 15:37:58,1,1,1,1,9899,2077,11976,13831,1855,over_one_cent,above,credit_card,0,0
aeffea2c78ec9b15d6cd7478c9072c07,delivered,2018-02-11 16:11:04,1,1,1,1,9990,1718,11708,13522,1814,over_one_cent,above,credit_card,0,0
6b956d19010e956e03b175e66b2b7142,delivered,2017-09-01 09:00:21,1,1,1,1,6270,1278,7548,9358,1810,over_one_cent,above,credit_card,0,0
e99bb46d32c47a666290f7c5928f7236,delivered,2017-07-12 18:33:35,1,1,1,1,11999,1660,13659,15438,1779,over_one_cent,above,credit_card,0,0
3f0f2949423ea4caec394b9d09f075dd,delivered,2017-05-05 15:30:07,1,1,1,1,19999,1765,21764,23542,1778,over_one_cent,above,credit_card,0,0
53e57107ef6a155ab06400be24aa7922,delivered,2017-04-16 15:18:14,1,1,1,1,9900,1327,11227,12968,1741,over_one_cent,above,credit_card,0,0
b8b3f1a93f6899699c4cfab3f0cb85e0,delivered,2017-09-08 14:49:36,1,1,1,1,8999,1887,10886,12574,1688,over_one_cent,above,credit_card,0,0
10a6730b0b333e2b017dd139a0530f19,delivered,2018-02-20 01:39:23,1,1,1,1,9790,2909,12699,14353,1654,over_one_cent,above,credit_card,0,0
6e57e23ecac1ae881286657694444267,delivered,2018-08-09 17:36:47,0,0,1,1,33000,2041,35041,33391,-1650,over_one_cent,below,debit_card,0,0
580f3268bc2075c5961b2d2929c7a35b,delivered,2017-09-01 20:17:09,1,1,1,1,8785,1786,10571,12210,1639,over_one_cent,above,credit_card,0,0
a2c173a8905b6e8f3c6ea83b7d9c6b91,delivered,2017-07-31 07:19:22,1,1,1,1,11500,3836,15336,16960,1624,over_one_cent,above,credit_card,0,0
971d58b94f7bda9a79f4847e1509a433,delivered,2017-02-07 23:16:34,1,1,1,1,4700,2067,6767,8389,1622,over_one_cent,above,credit_card,0,0
c9c703564ad4d6fb43a1cff5524574ac,delivered,2017-07-18 21:47:39,1,1,1,1,14200,1249,15449,17058,1609,over_one_cent,above,credit_card,0,0
a196d7c6ecd939360a6dfbee0ebacadb,delivered,2018-02-14 20:06:59,1,1,1,1,9990,2357,12347,13955,1608,over_one_cent,above,credit_card,0,0
4154bf1348caac78152fe76e3e9c4af8,delivered,2018-08-23 20:34:07,0,0,1,1,14990,1536,16526,15027,-1499,over_one_cent,below,credit_card,0,0
faf132fb35b3b3b533a67efbd6e7c02d,delivered,2017-04-22 20:28:53,1,1,1,1,8990,2512,11502,13001,1499,over_one_cent,above,credit_card,0,0
6dcf0aeb8b1eb4021c26e1d0e9394979,delivered,2018-08-09 20:37:34,0,0,1,1,29900,3492,33392,31897,-1495,over_one_cent,below,debit_card,0,0
9ea6d21c1c1b510f96f7917419175197,delivered,2018-02-02 13:14:06,1,1,1,1,9800,1694,11494,12989,1495,over_one_cent,above,credit_card,0,0
061c97a9bd7911f9d2031e1b820c344f,delivered,2017-04-21 13:18:31,1,1,1,1,29900,1626,31526,32980,1454,over_one_cent,above,credit_card,0,0
2f722ee8f3d3db0d19cee8ebea6fa69e,delivered,2017-08-16 17:13:40,1,1,2,1,7780,3222,11002,12435,1433,over_one_cent,above,credit_card,0,0
2f9d4ee8ca77fe0951ebfe9064cad953,delivered,2016-10-09 23:38:19,0,0,1,1,7990,1117,9107,10519,1412,over_one_cent,above,credit_card,0,0
c5bb8cf75ccd20ee373200ab31628770,delivered,2017-08-19 17:54:34,1,1,1,1,8990,1788,10778,12180,1402,over_one_cent,above,credit_card,0,0
9224db86cedf958891e1b1afb4ad570c,delivered,2017-01-30 10:12:59,0,0,2,1,3889,5000,8889,10267,1378,over_one_cent,above,credit_card,0,0
0e556f5eafbf3eb399290101b183b10e,delivered,2016-10-06 18:50:25,0,0,2,1,4980,4586,9566,8190,-1376,over_one_cent,below,credit_card,0,0
c69be353fa727fbeba5c4b39dfb9dbc8,delivered,2018-01-05 03:30:49,1,1,1,1,6499,2277,8776,10139,1363,over_one_cent,above,credit_card,0,0
156ba06ab4556cd19613dca1cefa9f7a,delivered,2017-08-08 13:44:39,1,1,1,1,6990,1774,8764,10122,1358,over_one_cent,above,credit_card,0,0
487ebdc91b499c9442c96f81d71dcf7d,delivered,2018-02-16 22:00:49,1,1,1,1,12000,2164,14164,15514,1350,over_one_cent,above,credit_card,0,0
3263ce99ba29ddb2a3a4133210581dce,delivered,2017-05-28 15:40:57,1,1,1,1,8990,1358,10348,11695,1347,over_one_cent,above,credit_card,0,0
1f4e46205be9ddf4f9b0e98b11a1a570,delivered,2018-04-18 16:59:40,1,1,1,1,7990,1953,9943,11236,1293,over_one_cent,above,credit_card,0,0
34e6b9f685df8e8b6465a715689c749f,delivered,2017-05-03 07:16:30,1,1,1,1,9740,2517,12257,13534,1277,over_one_cent,above,credit_card,0,0
b8bf711248376c421faaea8f02d149f9,delivered,2017-04-29 18:33:00,1,1,2,1,4980,2904,7884,9106,1222,over_one_cent,above,credit_card,0,0
a055f8239d18a2008883be78eb09cf41,delivered,2018-08-04 23:32:58,0,0,1,1,5890,1960,7850,9067,1217,over_one_cent,above,credit_card,0,0
fa0d5b3cb1f2221766145a60ba18ac64,delivered,2017-12-30 20:00:08,1,1,1,1,10990,1931,12921,14132,1211,over_one_cent,above,credit_card,0,0
2dbe4c889950d30ef0988bbcac7ca86b,delivered,2018-01-22 08:16:50,1,1,1,1,6290,1417,7707,8901,1194,over_one_cent,above,credit_card,0,0
9be011772d473c8a8c87e86029ab511c,delivered,2017-05-15 22:05:34,1,1,2,1,11989,3084,15073,16265,1192,over_one_cent,above,credit_card,0,0
3c052d74f852adbeb14c7e8da52b9e6e,delivered,2018-01-24 10:58:30,1,1,1,1,10990,1553,12543,13717,1174,over_one_cent,above,credit_card,0,0
585f3aa654c4d58eb968fc4fe6e3e92e,delivered,2018-02-09 22:01:17,1,1,1,1,6990,1973,8963,10131,1168,over_one_cent,above,credit_card,0,0
4c57f545143e8865ca2347d8cba154a7,delivered,2018-01-26 11:21:04,1,1,1,1,12499,1462,13961,15101,1140,over_one_cent,above,credit_card,0,0
63cb2376233663b05e9beb6bd9206c65,delivered,2017-07-03 23:02:33,1,1,1,1,5950,1344,7294,8425,1131,over_one_cent,above,credit_card,0,0
a60e074eb5678582482c8bc0612e591c,delivered,2018-01-29 12:26:40,1,1,1,1,5800,1666,7466,8565,1099,over_one_cent,above,credit_card,0,0
469f0b908881368c45917f1bed8240ce,delivered,2017-01-24 21:35:25,0,0,1,1,6699,1721,8420,9517,1097,over_one_cent,above,credit_card,0,0
a800ac0385a83264291f978ab075dd68,delivered,2017-05-14 15:05:45,1,1,1,1,4500,2538,7038,8129,1091,over_one_cent,above,credit_card,0,0
02f4dd90ba0feb8ec394cac05862d2b5,delivered,2018-05-29 16:04:49,1,1,1,1,7990,5106,13096,14165,1069,over_one_cent,above,credit_card,0,0
911a1257a699f1b61ec55aa88eace3bd,delivered,2017-12-02 03:45:01,1,1,1,1,5230,1613,6843,7904,1061,over_one_cent,above,credit_card,0,0
c915c070ee2f91af30208cd30cd0dee0,delivered,2017-04-11 12:59:03,1,1,1,1,13990,1237,15227,16288,1061,over_one_cent,above,credit_card,0,0
9f98fbb9d688c4f3356987801b19286d,delivered,2017-06-11 16:37:43,1,1,1,1,4490,3584,8074,9126,1052,over_one_cent,above,credit_card,0,0
8092da256aefda13b330290d2ca86521,delivered,2018-08-26 17:23:02,0,0,1,1,10390,1175,11565,10526,-1039,over_one_cent,below,credit_card,0,0
2bdfeff498c8742708633364e3eeee08,delivered,2017-12-10 19:50:59,1,1,1,1,6990,927,7917,8948,1031,over_one_cent,above,credit_card,0,0
e0578c04575c73456bf9891ae5db8c5a,delivered,2018-02-15 17:57:12,1,1,1,1,4990,2875,7865,8890,1025,over_one_cent,above,credit_card,0,0
ac75a9ba33bcc9cefc7e36b0f4cc044a,delivered,2017-12-04 10:44:16,1,1,1,1,5390,1188,6578,7598,1020,over_one_cent,above,credit_card,0,0
e57d9d7eca079892fe0aee2b0cf96311,delivered,2018-02-18 10:17:06,1,1,1,1,8999,1539,10538,11542,1004,over_one_cent,above,credit_card,0,0
aa6bd33ba1853d846d3085a88ae37083,delivered,2018-08-10 21:36:37,0,0,1,1,1990,1524,3514,2514,-1000,over_one_cent,below,credit_card,0,0
4387477eec4b3c89b39f3f454940d059,delivered,2018-08-09 20:45:10,0,0,2,1,19800,3392,23192,22202,-990,over_one_cent,below,debit_card,0,0
5f20455f0e74de9eae30de410c811013,delivered,2018-05-01 15:17:15,1,1,1,1,6590,1717,8307,9287,980,over_one_cent,above,credit_card,0,0
8fc4cc76b7842723f0f25209b4420b85,delivered,2017-12-26 18:55:42,1,1,1,1,4490,1792,6282,7255,973,over_one_cent,above,credit_card,0,0
0b13a698a0b7a62e8ec891081558b7aa,delivered,2017-12-22 22:03:05,1,1,1,1,3990,2267,6257,7227,970,over_one_cent,above,credit_card,0,0
ee5dbc8989dbc768ce58b68213bfc285,delivered,2017-05-20 13:22:52,1,1,1,1,8999,1365,10364,11334,970,over_one_cent,above,credit_card,0,0
87a71a39b50dac1a8ad74cddfaa82703,delivered,2018-01-30 10:22:13,1,1,1,1,5999,1344,7343,8300,957,over_one_cent,above,credit_card,0,0
033ccfbdfc4d29677b7e1e6df3a82820,delivered,2017-04-22 08:22:58,1,1,1,2,4900,1096,5996,6926,930,over_one_cent,above,credit_card,0,0
139be8870b91e71fd70bb366305c8cde,delivered,2017-05-13 14:03:37,1,1,1,1,12000,1318,13318,14246,928,over_one_cent,above,credit_card,0,0
fbf352b18a26c6a86a53cca922facd25,delivered,2018-01-28 20:42:29,1,1,2,2,10980,4174,15154,16080,926,over_one_cent,above,credit_card|voucher,1,0
c6f6cbb3c845593222d5c594bb69c5fd,delivered,2018-08-26 13:33:43,0,0,1,1,8990,2343,11333,10434,-899,over_one_cent,below,credit_card,0,0
ddcf6c758c04fe3f2e0d1ae301ec5f40,delivered,2017-04-11 12:45:06,1,1,1,1,3990,1778,5768,6662,894,over_one_cent,above,credit_card,0,0
bcc3b9b2b1b0f27be6e2816968b08fc6,delivered,2018-01-15 13:34:20,1,1,2,1,7680,3222,10902,11793,891,over_one_cent,above,credit_card,0,0
705eccb4d371ea1443a991787d36b59c,delivered,2017-12-22 17:16:42,1,1,1,1,3990,1679,5669,6547,878,over_one_cent,above,credit_card,0,0
51d435906a0487f17df29d38429e931b,delivered,2017-11-20 19:57:29,1,1,1,1,10890,1639,12529,13403,874,over_one_cent,above,credit_card,0,0
e003d94282e5f1e45760dde794a8a173,delivered,2017-05-10 21:11:07,1,1,1,2,9999,1633,11632,12506,874,over_one_cent,above,credit_card,0,0
501f63846d45f483acca1c6e89398610,delivered,2017-04-25 02:22:19,1,1,1,1,4450,2228,6678,7549,871,over_one_cent,above,credit_card,0,0
c02d29676287677de34ae218da13f8d1,delivered,2018-01-20 08:41:44,1,1,1,1,7900,1357,9257,10124,867,over_one_cent,above,credit_card,0,0
ddad987b1ab585281640b4b7e7261ede,delivered,2018-01-22 12:22:39,1,1,1,1,8980,1538,10518,11377,859,over_one_cent,above,credit_card,0,0
47bc2fbe3e9b64a723dd530a4f1612b8,delivered,2018-01-26 15:49:31,1,1,1,1,4999,1579,6578,7435,857,over_one_cent,above,credit_card,0,0
47e786d6d06274aaf984ca007751f3f0,delivered,2017-08-11 15:07:07,1,1,1,1,3990,2563,6553,7407,854,over_one_cent,above,credit_card,0,0
b05922c45fc699ae9049a2c5add3e02a,delivered,2017-02-02 07:05:42,1,1,1,1,4990,1511,6501,7348,847,over_one_cent,above,credit_card,0,0
06d7e8a85f5cfef576c5303ed7d7f2e5,delivered,2016-10-07 12:06:30,0,0,1,1,4900,1472,6372,7202,830,over_one_cent,above,credit_card,0,0
154b66f3b29e92e4c9fc7f1ad60cb668,delivered,2017-05-16 13:19:09,1,1,1,1,4799,1510,6309,7131,822,over_one_cent,above,credit_card,0,0
a77a378498a60424c73641a2bce561f8,delivered,2018-02-14 19:01:46,1,1,1,1,4590,1611,6201,7009,808,over_one_cent,above,credit_card,0,0
f44845a8eeec9bf829093ad92c846c09,delivered,2018-07-11 13:32:28,1,1,1,1,3945,2221,6166,6969,803,over_one_cent,above,credit_card,0,0
03b218d39c422c250f389120c531b61f,delivered,2017-01-14 14:20:01,0,0,1,1,3850,1174,5024,5803,779,over_one_cent,above,credit_card,0,0
49123f75e5d9507cec9455b2ed989913,delivered,2017-03-31 08:48:59,1,1,1,1,4490,1452,5942,6716,774,over_one_cent,above,credit_card,0,0
8b7fd198ad184563c231653673e75a7f,delivered,2017-11-14 10:04:27,1,1,1,1,3999,934,4933,5697,764,over_one_cent,above,credit_card,0,0
6dbcce18ba1c717a5f29d192415872ea,delivered,2018-01-08 16:17:29,1,1,1,1,7900,1357,9257,10014,757,over_one_cent,above,credit_card,0,0
f7d17bafe7c67afef77b8a96ad5abfd3,delivered,2018-01-21 22:03:37,1,1,1,1,8990,1820,10810,11564,754,over_one_cent,above,credit_card,0,0
5ddee063fdf0f2a5c828b499fb857e85,delivered,2018-08-16 10:25:24,0,0,1,1,5000,761,5761,6510,749,over_one_cent,above,credit_card,0,0
05252513392111e8721062d8ecd9edb1,delivered,2017-05-19 18:49:33,1,1,1,1,4500,1185,5685,6426,741,over_one_cent,above,credit_card,0,0
b887a2e34410f9ca015c231938fc3842,delivered,2018-06-10 18:01:28,1,1,1,1,2690,1932,4622,5338,716,over_one_cent,above,credit_card,0,0
91fe2d042bdf1fb8d6f2fc33f209ec04,delivered,2017-06-28 20:19:51,1,1,1,1,3299,2115,5414,6119,705,over_one_cent,above,credit_card,0,0
bf49f84a0580ef6751e13357776b7ed9,delivered,2017-07-02 21:25:56,1,1,1,1,3900,1510,5410,6114,704,over_one_cent,above,credit_card,0,0
e3d86ff081e92dedbd7b2a87838f0159,delivered,2017-12-22 14:39:24,1,1,1,1,5590,4424,10014,10712,698,over_one_cent,above,credit_card,0,0
e576bdc500f0c1c9a1b2a3ccce7000fb,delivered,2017-12-21 13:05:53,1,1,1,1,2775,2563,5338,6035,697,over_one_cent,above,credit_card,0,0
7e00454e2e8b8b2e12e9a580ec77f00c,delivered,2018-07-21 17:19:59,1,1,1,1,4000,1838,5838,6527,689,over_one_cent,above,credit_card,0,0
8d2a68ca0ac61329c56e0b74695b04b4,delivered,2018-02-07 18:49:55,1,1,1,1,4990,1611,6601,7290,689,over_one_cent,above,credit_card,0,0
ee38b45af2d4e705a88a37af7f0cda97,canceled,2017-12-31 12:12:02,1,0,1,1,4490,794,5284,5973,689,over_one_cent,above,credit_card,0,0
d9647302d75348f06e63f8444ef95544,delivered,2017-10-29 12:39:23,1,1,1,1,3990,1269,5259,5944,685,over_one_cent,above,credit_card,0,0
33711ce52ccf7b8dcb0deaf37f573d32,delivered,2018-01-11 19:53:38,1,1,1,1,9900,1544,11444,12107,663,over_one_cent,above,credit_card,0,0
f05e32e2cc67748c34a77da2ff68841c,delivered,2017-12-21 16:11:33,1,1,1,1,2450,2563,5013,5665,652,over_one_cent,above,credit_card,0,0
82b5afc1133f4b14abbcb31fd3a3fa5d,delivered,2017-12-28 00:03:31,1,1,1,1,4490,1611,6101,6746,645,over_one_cent,above,credit_card,0,0
90f4238d4a0d8f6371e4fbb18af5df64,delivered,2017-05-03 23:34:55,1,1,1,1,2990,1096,4086,4719,633,over_one_cent,above,credit_card,0,0
320dcf288de15e4ff06ebbfce4e42c78,delivered,2018-08-26 08:40:36,0,0,2,1,6180,2575,8755,8137,-618,over_one_cent,below,credit_card,0,0
995ecfdb2406d9b579cf84368f42e7a0,delivered,2018-02-10 18:25:06,1,1,1,1,8900,1787,10687,11305,618,over_one_cent,above,credit_card,0,0
b495ec18170fb28a3610c8d3ab464442,delivered,2017-02-10 11:11:16,1,1,1,1,2479,1452,3931,4540,609,over_one_cent,above,credit_card,0,0
e4406088398131aed8c21c5a4ec3442b,delivered,2017-06-12 10:26:05,1,1,1,1,8990,1365,10355,10955,600,over_one_cent,above,credit_card,0,0
e74dce994d1d4b754ec4a4e709b8b65b,delivered,2018-04-15 22:22:52,1,1,1,1,3420,1189,4609,5209,600,over_one_cent,above,credit_card,0,0
dc6b76e937308e88a3464d0f4352b959,shipped,2017-10-21 13:36:32,1,0,1,1,3190,1410,4600,5199,599,over_one_cent,above,credit_card,0,0
3837859eff41b5dbbd1dfad5a066d0ae,delivered,2018-04-08 09:58:22,1,1,1,1,1999,1823,3822,4415,593,over_one_cent,above,credit_card,0,0
9eac94dce77597b831e8c0dfc584bc8b,delivered,2018-01-18 23:16:44,1,1,1,1,3999,1579,5578,6168,590,over_one_cent,above,credit_card,0,0
36d2de07c140425e7bd617c3665b5f80,delivered,2017-10-23 10:55:49,1,1,1,1,5900,1308,7208,7797,589,over_one_cent,above,credit_card,0,0
5f9e345bd69028860ff1b6a72c26dc45,delivered,2017-06-08 17:42:20,1,1,1,1,3700,778,4478,5061,583,over_one_cent,above,credit_card,0,0
4d4aac37e91472a2cbb36ee91d35866f,delivered,2017-02-14 23:19:29,1,1,1,1,5500,1475,6975,7544,569,over_one_cent,above,credit_card,0,0
cdcbc6b851b5053b23ca73bc17d2ba50,delivered,2017-10-27 13:07:34,1,1,1,1,3490,1269,4759,5321,562,over_one_cent,above,credit_card,0,0
cc2e56876c1e46ae38eb40eb187b23a9,delivered,2018-01-09 15:42:32,1,1,1,1,2950,1308,4258,4813,555,over_one_cent,above,credit_card,0,0
d5575392b459cfde23795e925c6ce5d4,delivered,2017-02-27 11:58:28,1,1,1,1,5990,1870,7860,8408,548,over_one_cent,above,credit_card,0,0
9686875d0d9dcbe392244b6773605882,delivered,2017-09-09 12:42:19,1,1,1,1,6220,1620,7840,8387,547,over_one_cent,above,credit_card,0,0
74016effecaa79d592487f6a4ee47d4b,delivered,2017-02-18 10:39:14,1,1,1,1,3699,1452,5151,5696,545,over_one_cent,above,credit_card,0,0
6f393015477564624446a2b4c948c0f0,delivered,2018-01-17 22:38:14,1,1,1,1,1990,1510,3500,4043,543,over_one_cent,above,credit_card,0,0
0345ba423eed2b009e0e407b19c422e4,delivered,2017-05-15 12:55:13,1,1,1,1,6008,1767,7775,8317,542,over_one_cent,above,credit_card,0,0
028aa7c930356788f861ed1b7f984819,delivered,2018-01-13 20:35:15,1,1,1,1,3990,1763,5753,6294,541,over_one_cent,above,credit_card,0,0
7955ebc3660bd2a004a4eaa016b3a190,delivered,2017-05-23 11:14:47,1,1,1,1,5990,1767,7757,8298,541,over_one_cent,above,credit_card,0,0
debc12ca3f03ddd2137fa497916c4590,delivered,2017-12-28 16:47:41,1,1,1,1,5899,1766,7665,8200,535,over_one_cent,above,credit_card,0,0
3f3d5f3033e9139ee7290ce6c74b6b79,delivered,2017-12-03 17:53:31,1,1,1,1,5000,2563,7563,8090,527,over_one_cent,above,credit_card,0,0
c252ac96b969b3f1f2c4b266a7a98c28,delivered,2017-05-18 12:32:16,1,1,2,1,5998,1556,7554,8081,527,over_one_cent,above,credit_card,0,0
1811959f3ced8abc0645c21285a5a4d5,delivered,2017-02-28 17:40:00,1,1,1,1,5590,1867,7457,7978,521,over_one_cent,above,credit_card,0,0
a7db257661f3cc8b9b661474199da586,delivered,2018-01-23 10:50:33,1,1,1,1,1659,1679,3338,3855,517,over_one_cent,above,credit_card,0,0
d8523695fd09e96dd93c94cde119c037,delivered,2018-04-16 21:23:27,1,1,1,1,6600,2339,8939,9456,517,over_one_cent,above,credit_card,0,0
04e00ba23c33890eaee39b02e8185cc2,delivered,2018-07-25 21:36:32,1,1,1,1,3390,1440,4830,5341,511,over_one_cent,above,credit_card,0,0
9f47e04f95b2bba1442d5bbf0611733e,delivered,2017-05-09 19:28:46,1,1,1,1,4990,1185,6175,6679,504,over_one_cent,above,credit_card,0,0
ccd9c560145e965fc5c037e0cc1160b8,delivered,2018-01-17 22:39:40,1,1,1,1,2399,1410,3809,4305,496,over_one_cent,above,credit_card,0,0
051fcda88d997d3ff86012da2a556342,delivered,2018-08-24 14:59:37,0,0,1,1,4900,760,5660,5170,-490,over_one_cent,below,credit_card,0,0
40c3b608098b72f21af4a0a9006af9d2,delivered,2018-08-07 17:35:53,0,0,1,1,4293,1540,5833,6310,477,over_one_cent,above,credit_card,0,0
eff853aac91ab73f53304207c4571d1f,delivered,2018-02-09 23:23:23,1,1,1,1,2199,1410,3609,4078,469,over_one_cent,above,credit_card,0,0
e840e5955073ba6b71936b76740014f4,delivered,2018-03-30 21:06:55,1,1,1,1,1875,1706,3581,4048,467,over_one_cent,above,credit_card,0,0
b3f7e36f7ae979c02959004e9d800387,delivered,2017-03-18 16:50:43,1,1,1,1,4990,1556,6546,7004,458,over_one_cent,above,credit_card,0,0
502668fa85b6cff5243cf74ce4100182,delivered,2017-06-09 03:00:26,1,1,1,1,1398,1510,2908,3359,451,over_one_cent,above,credit_card,0,0
f49de64f8655abdc94a86603570e10ec,delivered,2017-09-20 13:18:27,1,1,1,1,5490,1795,7285,7723,438,over_one_cent,above,credit_card,0,0
5ec8127f0e7abadc5ee625f266ee0742,delivered,2018-06-05 11:13:33,1,1,1,2,1790,1823,3613,4036,423,over_one_cent,above,credit_card,0,0
82a914d5f7af95901a18ef83b388bd4f,delivered,2017-06-12 13:20:22,1,1,1,1,2186,1760,3946,4363,417,over_one_cent,above,credit_card,0,0
38246d20fb91403c9ed13e1aa3c665ad,delivered,2017-08-01 09:53:24,1,1,1,1,5443,1513,6956,7359,403,over_one_cent,above,credit_card,0,0
96c0cb58d9c14384c9441f49917a911f,delivered,2018-05-24 18:23:01,1,1,1,1,2930,1371,4301,4704,403,over_one_cent,above,credit_card,0,0
84d6d9710c8af32b5e88f2d1c14ab871,delivered,2018-01-27 22:09:48,1,1,1,1,4990,778,5768,6170,402,over_one_cent,above,credit_card,0,0
bdd163683d4bc75b0b2b7a8d9e1ccd26,delivered,2018-01-10 11:54:00,1,1,1,1,3490,3415,6905,7305,400,over_one_cent,above,credit_card,0,0
3fa397654fcf223b8d6f73a428c75041,delivered,2017-03-16 09:28:12,1,1,1,1,6990,1619,8609,9005,396,over_one_cent,above,credit_card,0,0
ed4116f3f55e67e9a26b9f1891ba2497,delivered,2018-08-09 13:21:48,0,0,1,1,7800,8347,16147,15757,-390,over_one_cent,below,debit_card,0,0
ecc1f5f885620b17543f01bf228ccd0a,delivered,2018-08-02 12:05:05,0,0,1,1,2999,1714,4713,5099,386,over_one_cent,above,credit_card,0,0
d2e9aead95751dd6bd0ce80e7d506c53,delivered,2017-01-16 23:25:16,0,0,1,1,1497,1452,2949,3333,384,over_one_cent,above,credit_card,0,0
3adc794e637a2ef67f006b35b36904a4,delivered,2018-02-08 23:51:51,1,1,1,1,2499,2115,4614,4991,377,over_one_cent,above,credit_card,0,0
77411858d5ea9f0dec6b071cec64349f,delivered,2018-06-18 20:19:18,1,1,1,1,1299,1523,2822,3189,367,over_one_cent,above,credit_card,0,0
fa87437f971fce498b2184cd2401e23e,delivered,2018-02-06 11:07:38,1,1,1,1,4990,1337,6327,6693,366,over_one_cent,above,credit_card,0,0
911e92767c07ba9926268bae6b4362b3,delivered,2018-02-10 21:55:42,1,1,1,1,2650,1959,4609,4973,364,over_one_cent,above,credit_card,0,0
e4e9fa1ceb459e9dfebba5e0b09849f3,delivered,2017-03-08 15:55:56,1,1,1,1,6990,886,7876,8239,363,over_one_cent,above,credit_card,0,0
99d4dd36318ceb97e9feda8baade3ce2,delivered,2017-11-24 21:13:38,1,1,1,1,6899,778,7677,8031,354,over_one_cent,above,credit_card,0,0
5570ac493a57e5dc00296c8de3813672,delivered,2017-06-21 12:57:02,1,1,1,1,3190,2882,6072,6424,352,over_one_cent,above,credit_card,0,0
4f7e7db8a14c1448fb17c00bcf1b8564,delivered,2018-03-27 07:58:37,1,1,1,1,3999,1823,5822,6159,337,over_one_cent,above,credit_card,0,0
2fadef94d26b8d88791d48a31129380d,delivered,2018-03-17 18:07:02,1,1,1,1,4490,1279,5769,6104,335,over_one_cent,above,credit_card,0,0
eaf0add60b176b64a692a1e382addea8,delivered,2017-12-18 23:14:44,1,1,1,1,3990,1679,5669,5998,329,over_one_cent,above,credit_card,0,0
515ff4f26a0c57c5011d891e45f3ed2f,delivered,2017-12-19 14:31:31,1,1,1,1,5990,1605,7595,7918,323,over_one_cent,above,credit_card,0,0
5e605c248def72c23690c44126f8ecb6,delivered,2018-02-12 11:24:23,1,1,1,1,3999,1510,5509,5828,319,over_one_cent,above,credit_card,0,0
7d57370d053b938c6dda99e5b72ad270,delivered,2017-07-02 14:52:49,1,1,1,1,5000,1760,6760,7072,312,over_one_cent,above,credit_card,0,0
7c9669c84a4eea3a3ab4f052945346b0,delivered,2018-01-13 00:23:16,1,1,1,1,3500,934,4434,4743,309,over_one_cent,above,credit_card,0,0
ab39f24d0e515ab82f849a72b61597d3,delivered,2017-10-16 18:00:07,1,1,1,1,5699,872,6571,6874,303,over_one_cent,above,credit_card,0,0
f51fb43d2d69e83cc9cca35f9706798b,delivered,2017-11-21 21:11:30,1,1,1,1,3021,1337,4358,4661,303,over_one_cent,above,credit_card,0,0
c8bedae351d76a3163c9840172c1285f,delivered,2018-08-23 17:04:55,0,0,1,1,2990,747,3737,3438,-299,over_one_cent,below,credit_card,0,0
e2cba9bee26acacfd8100088c465cce4,delivered,2017-12-19 05:42:43,1,1,1,1,3990,1185,5175,5474,299,over_one_cent,above,credit_card,0,0
da335e512c5172e253ee80cb42acf8aa,delivered,2018-05-16 18:29:14,1,1,1,2,10390,1025,11415,11712,297,over_one_cent,above,credit_card,0,0
9a85e7c1fbe3b6519b2f943527d21426,delivered,2018-02-26 14:25:44,1,1,1,1,4850,1510,6360,6653,293,over_one_cent,above,credit_card,0,0
5b4e981913377d776f83cb4ffd82ad31,delivered,2017-11-07 20:42:40,1,1,1,1,2990,1185,4175,4467,292,over_one_cent,above,credit_card,0,0
7e4ac7e51f277ac8bd918f82063b20d8,delivered,2017-06-14 14:26:11,1,1,1,1,4590,1611,6201,6489,288,over_one_cent,above,credit_card,0,0
14bceeaef362188c60dedfe65e428001,delivered,2017-04-02 00:14:56,1,1,1,1,1999,1452,3451,3733,282,over_one_cent,above,credit_card,0,0
4b3176150cda3ef1348ba91dfb6c7b32,delivered,2017-11-14 08:28:59,1,1,1,1,3190,1410,4600,4867,267,over_one_cent,above,credit_card,0,0
3993ec583d077dd338c870d8b1f8d213,delivered,2018-04-03 21:07:26,1,1,1,1,3795,787,4582,4846,264,over_one_cent,above,credit_card,0,0
6cff0c3dacf64bb7cb2ad584b81b7d0d,delivered,2018-08-26 11:01:05,0,0,1,1,2599,744,3343,3083,-260,over_one_cent,below,debit_card,0,0
bd1a75149b4f3c4c2810386211835917,delivered,2017-11-30 09:36:34,1,1,1,1,3190,1248,4438,4695,257,over_one_cent,above,credit_card,0,0
67e09c3ba79d3041e1653c7dbf03425f,delivered,2018-01-30 16:11:21,1,1,1,1,2199,1510,3709,3962,253,over_one_cent,above,credit_card,0,0
e73fe43cdcd166f7f0c6e3c2bf11a917,delivered,2018-08-09 18:06:43,0,0,1,1,4990,910,5900,5650,-250,over_one_cent,below,debit_card,0,0
90d589e42b7249c447d31594bd992684,delivered,2018-02-20 15:46:22,1,1,1,1,4536,872,5408,5657,249,over_one_cent,above,credit_card,0,0
99e5f0c685ca94e5a1c7134b1898bb1a,delivered,2018-08-08 01:17:42,0,0,1,1,2900,746,3646,3894,248,over_one_cent,above,credit_card,0,0
21ca56b276a6b8d082a1261f33786085,delivered,2017-12-13 15:11:03,1,1,1,2,4990,1410,6400,6646,246,over_one_cent,above,credit_card|voucher,1,0
94d1193f2a0ae739f23399b913bd577c,delivered,2017-05-06 14:38:38,1,1,1,1,1990,1337,3327,3559,232,over_one_cent,above,credit_card,0,0
65320cb291f4cacd8b0114a29eafa4c7,delivered,2017-05-24 18:39:05,1,1,1,1,2390,872,3262,3489,227,over_one_cent,above,credit_card,0,0
8b5058499c412c6cf8d013de40e4f9d2,delivered,2018-05-03 21:35:33,1,1,1,1,2945,1932,4877,5102,225,over_one_cent,above,credit_card,0,0
5ac0d2c1229ba07ea5cd990360b21e34,delivered,2017-02-23 20:22:33,1,1,1,1,3990,872,4862,5086,224,over_one_cent,above,credit_card,0,0
aad7d7dacb681055d348e02842f0590b,delivered,2018-02-11 20:24:37,1,1,1,1,1750,1510,3260,3482,222,over_one_cent,above,credit_card,0,0
12619b9be5cc3665b3f36f1e4b4d0ffa,delivered,2017-04-13 17:14:04,1,1,1,1,1999,1778,3777,3995,218,over_one_cent,above,credit_card,0,0
fdb034f444a32838124d8907e443d249,delivered,2018-01-29 14:27:38,1,1,1,1,1890,1248,3138,3356,218,over_one_cent,above,credit_card,0,0
b153668d9576aeae5c424bf7b125eea2,delivered,2018-08-08 23:03:48,0,0,1,1,2688,1938,4626,4840,214,over_one_cent,above,credit_card,0,0
164a6c920f4a6f51223792333af13e24,delivered,2018-01-13 01:18:04,1,1,1,1,4490,1611,6101,6312,211,over_one_cent,above,credit_card,0,0
3f319eb09e31aa1ea2a4079bdd655c62,delivered,2018-04-03 22:21:12,1,1,1,1,3630,739,4369,4571,202,over_one_cent,above,credit_card,0,0
01e51b7c3025655646143d09b911e1d7,delivered,2018-01-14 09:41:25,1,1,1,1,1900,1410,3310,3502,192,over_one_cent,above,credit_card,0,0
91fbb4bf79cbb5c19eb018248c0fe683,delivered,2017-08-14 22:31:03,1,1,1,2,9490,1439,10929,11119,190,over_one_cent,above,credit_card,0,0
c14323552816050d396da49c9f23ae1e,delivered,2017-11-26 10:24:33,1,1,1,1,1680,1510,3190,3375,185,over_one_cent,above,credit_card,0,0
f1c86b9191896bcf9077ec22b6248153,delivered,2018-03-29 20:32:06,1,1,2,2,2534,3046,5580,5760,180,over_one_cent,above,credit_card|voucher,1,0
d9257c8e34393415a403600f6289fbc4,delivered,2017-06-29 15:54:58,1,1,1,1,2268,1510,3778,3952,174,over_one_cent,above,credit_card,0,0
6aaedd714ad6929fc4df8d51bd4cfe9a,delivered,2017-02-08 22:58:15,1,1,1,2,4680,1452,6132,6299,167,over_one_cent,above,credit_card|voucher,1,0
c235e3fbe42d171c9177e6664107170d,delivered,2017-07-02 19:13:26,1,1,1,1,1250,778,2028,2194,166,over_one_cent,above,credit_card,0,0
6fa0c125ee7d870f6602c97e33d87bc5,delivered,2018-08-09 19:32:42,0,0,1,1,3199,1532,4731,4571,-160,over_one_cent,below,debit_card,0,0
ec3921c711c656d036c7316503867f69,delivered,2017-02-28 19:50:36,1,1,1,1,1999,1452,3451,3610,159,over_one_cent,above,credit_card,0,0
66b04218fe3a0af6ca54d243ecfb3737,delivered,2018-02-03 21:44:23,1,1,1,1,2790,1679,4469,4624,155,over_one_cent,above,credit_card,0,0
8ccbe46ffeae4720eba99d2d2de07542,delivered,2017-06-06 15:19:21,1,1,1,2,1690,1185,2875,3030,155,over_one_cent,above,credit_card,0,0
596b168ac4fd56e69b35087afaa8ae59,delivered,2018-06-01 15:51:55,1,1,1,1,1460,1523,2983,3121,138,over_one_cent,above,credit_card,0,0
5af817dcc7682f13101dbdef134be4e0,delivered,2018-01-24 11:10:09,1,1,1,2,2999,1410,4409,4542,133,over_one_cent,above,credit_card|voucher,1,0
57a82955454fb2a9a18633d841ac480d,delivered,2017-10-13 10:47:11,1,1,1,1,1299,934,2233,2362,129,over_one_cent,above,credit_card,0,0
c253cb678b5c3b8e8c9a13fc97d8e7f5,delivered,2017-02-06 14:31:27,1,1,1,1,1490,2080,3570,3694,124,over_one_cent,above,credit_card,0,0
aa962f90c14940f2df3c6184f35a2184,delivered,2018-04-27 11:06:10,1,1,1,1,2115,1444,3559,3682,123,over_one_cent,above,credit_card,0,0
bcb9cb204fb7137dcb5dc3fdb94f11e5,delivered,2017-07-17 19:27:39,1,1,1,1,2150,778,2928,3029,101,over_one_cent,above,credit_card,0,0
882634702ad671a4a28319adef8f058b,delivered,2018-08-26 22:41:03,0,0,1,1,999,739,1738,1638,-100,over_one_cent,below,credit_card,0,0
9e98692197ace8ec15c6db45b5bfd9bf,delivered,2017-11-25 20:35:35,1,1,1,1,1999,778,2777,2873,96,over_one_cent,above,credit_card,0,0
f090de1b2ed9f4e251662cb31e3c7127,shipped,2017-02-22 10:10:52,1,0,1,1,1575,1096,2671,2763,92,over_one_cent,above,credit_card,0,0
05d5a67b06f86425711075939a164657,delivered,2017-10-24 09:17:09,1,1,1,1,999,778,1777,1838,61,over_one_cent,above,credit_card,0,0
6508f1528c3648c8a9f751e811520269,delivered,2018-01-31 11:43:08,1,1,1,2,3500,1510,5010,5070,60,over_one_cent,above,credit_card|voucher,1,0
3ff25314bbe9dc1ec7c983499bdff8f2,delivered,2017-09-20 22:31:37,1,1,2,2,7680,3358,11038,11097,59,over_one_cent,above,credit_card,0,0
af9f47d85cb6d0717a873ddb331a1b6b,delivered,2018-04-05 22:42:35,1,1,1,2,2799,1904,4703,4740,37,over_one_cent,above,credit_card,0,0
2240d9349c55949c40dbfcc98ece280c,delivered,2017-05-02 01:48:16,1,1,1,2,6990,2469,9459,9495,36,over_one_cent,above,credit_card|voucher,1,0
e393acae9e64be5b2a7d48ef2ae87710,delivered,2018-03-16 13:38:33,1,1,1,2,3999,739,4738,4773,35,over_one_cent,above,credit_card,0,0
b38b3526b8b8fdc807e8a0a42ab78573,delivered,2018-08-17 09:46:01,0,0,1,2,2232,774,3006,3019,13,over_one_cent,above,credit_card,0,0
8272b63d03f5f79c56e9e4120aec44ef,delivered,2017-07-16 18:19:25,1,1,21,1,3180,16437,19617,19611,-6,over_one_cent,below,credit_card,0,0
04993613aee4046caf92ea17b316dcfb,delivered,2018-01-30 08:46:12,1,1,8,1,44000,8432,52432,52428,-4,over_one_cent,below,boleto,0,0
090ece27665c1cc89eda287f8e834e11,delivered,2017-10-30 18:25:17,1,1,6,1,6984,1188,8172,8169,-3,over_one_cent,below,credit_card,0,0
3e073b27114fe955e184db124d34a566,delivered,2018-08-07 16:35:35,0,0,6,1,102000,2796,104796,104799,3,over_one_cent,above,credit_card,0,0
612d140e314dab491efb33ec8219c2ee,delivered,2017-10-18 13:34:48,1,1,8,1,12938,9476,22414,22417,3,over_one_cent,above,boleto,0,0
69840aae60642aee7093192b37961c08,delivered,2018-07-05 00:58:05,1,1,6,1,180000,17200,197200,197203,3,over_one_cent,above,boleto,0,0
9bdf94af058f959fbc09c3ea1eb32465,delivered,2018-04-19 11:17:55,1,1,7,1,17214,5552,22766,22763,-3,over_one_cent,below,credit_card,0,0
d573cf2d2bd145e4bc855132a6c815af,delivered,2017-11-03 09:55:35,1,1,6,1,93594,2640,96234,96231,-3,over_one_cent,below,credit_card,0,0
0693ed674763a4fc34e2c763c7fd25c2,delivered,2017-07-03 23:28:14,1,1,4,1,57656,6608,64264,64262,-2,over_one_cent,below,boleto,0,0
1ae8a88bf94d02224f932e18297baa64,delivered,2018-02-19 16:49:20,1,1,5,1,42400,21309,63709,63711,2,over_one_cent,above,boleto,0,0
1c437b4d4326d36b71e91dd7a7c2c4f6,delivered,2018-04-10 10:03:12,1,1,7,1,12930,13413,26343,26345,2,over_one_cent,above,credit_card,0,0
1cb61aaa63135f552055cf1932adf3be,delivered,2018-04-25 21:06:51,1,1,4,1,21560,7804,29364,29366,2,over_one_cent,above,credit_card,0,0
1daecbe2a13ab0881c418e978f1e08c1,delivered,2017-10-18 12:36:56,1,1,6,1,19450,4669,24119,24117,-2,over_one_cent,below,credit_card,0,0
2edcf6adbf3719366560d6863cb28799,delivered,2018-05-07 17:35:43,1,1,4,1,86000,10336,96336,96334,-2,over_one_cent,below,boleto,0,0
363524b17966c3a64696d5a68c5f4d34,delivered,2018-05-10 22:19:03,1,1,5,1,21350,6263,27613,27611,-2,over_one_cent,below,credit_card,0,0
37311087440803cc1960343121d1de26,delivered,2018-03-19 16:39:27,1,1,6,1,24995,7686,32681,32679,-2,over_one_cent,below,boleto,0,0
38fa147f3463d7751cb8a2b2455d628c,delivered,2017-04-24 20:30:12,1,1,4,1,12000,5404,17404,17402,-2,over_one_cent,below,credit_card,0,0
4b8790aad555862909b489f99383b16c,delivered,2018-04-24 17:06:54,1,1,4,1,45984,33464,79448,79446,-2,over_one_cent,below,credit_card,0,0
5b7906a5a90957b0020ae90b2d7caf1b,delivered,2017-12-06 17:02:24,1,1,5,1,5995,7048,13043,13045,2,over_one_cent,above,boleto,0,0
62ce4e3989a3477928510bb4d1064cc4,delivered,2018-07-19 01:35:59,1,1,6,1,22970,4662,27632,27634,2,over_one_cent,above,credit_card,0,0
637617b3ffe9e2f7a2411243829226d0,delivered,2018-04-17 21:08:59,1,1,12,1,95880,28815,124695,124697,2,over_one_cent,above,boleto,0,0
674eb13687ba86abeaee12ece9ce0309,delivered,2018-08-13 12:13:40,0,0,6,1,12700,2100,14800,14798,-2,over_one_cent,below,credit_card,0,0
6ecf7023e8dd4ec8b08746c35b9fcb60,delivered,2017-11-24 14:22:48,1,1,4,1,9978,6408,16386,16388,2,over_one_cent,above,credit_card,0,0
71dab1155600756af6de79de92e712e3,delivered,2018-02-01 18:32:02,1,1,11,1,136189,62664,198853,198855,2,over_one_cent,above,credit_card,0,0
76e1398ff6f5ed6b681d270df349e3f8,delivered,2018-02-13 16:53:29,1,1,5,1,24950,8798,33748,33750,2,over_one_cent,above,credit_card,0,0
778d6f8f92b218606a82dc5d2f5221e2,delivered,2017-11-25 12:02:42,1,1,4,1,39960,6880,46840,46842,2,over_one_cent,above,credit_card,0,0
7b598857cddf46a156640f69f70a6e6d,delivered,2018-07-25 01:12:50,1,1,7,1,54100,20031,74131,74133,2,over_one_cent,above,credit_card,0,0
7d68f1da2ad6d6fa877e000788daf541,delivered,2018-07-04 14:45:47,1,1,4,1,18998,10152,29150,29152,2,over_one_cent,above,credit_card,0,0
7f2c22c54cbae55091a09a9653fd2b8a,delivered,2018-03-10 10:53:51,1,1,11,1,77350,27479,104829,104831,2,over_one_cent,above,credit_card,0,0
848b0561d4bc26f57b288a5004f38683,delivered,2017-11-27 19:06:12,1,1,8,1,45298,15188,60486,60484,-2,over_one_cent,below,credit_card,0,0
87440e08790d85796f5b8bc9f5ed2707,delivered,2018-07-26 09:43:52,1,1,4,1,28580,7656,36236,36238,2,over_one_cent,above,boleto,0,0
8adafb3466daa5395694d3a906ff9d40,delivered,2017-01-25 15:47:27,0,0,6,1,16800,5002,21802,21800,-2,over_one_cent,below,credit_card,0,0
8dd554aaa8e7d61ddde56ba4189c780f,delivered,2018-01-30 09:51:29,1,1,7,1,19139,11582,30721,30723,2,over_one_cent,above,credit_card,0,0
8fbcb92faf1aa60361f61ed7ae721a7e,delivered,2017-12-23 19:22:18,1,1,5,1,6350,7653,14003,14001,-2,over_one_cent,below,credit_card,0,0
8fc11d5503f6e2b6e15242e0365633e4,delivered,2018-02-27 16:42:09,1,1,6,1,57120,2598,59718,59720,2,over_one_cent,above,boleto,0,0
94dcbb5ca9d603177841a40f3d630483,delivered,2018-07-04 17:41:00,1,1,4,1,24530,5752,30282,30280,-2,over_one_cent,below,boleto,0,0
98ffd20f7510aafde026fc41c46876b1,delivered,2018-04-06 11:46:03,1,1,4,1,44400,9896,54296,54298,2,over_one_cent,above,credit_card,0,0
ba21298fdb05dad91b7b31f4b3b17364,delivered,2018-02-14 14:20:19,1,1,6,1,35940,1698,37638,37640,2,over_one_cent,above,boleto,0,0
bb2e64c3040ceb9b7ca2bfc602adca08,delivered,2017-11-03 11:29:00,1,1,4,1,24800,936,25736,25734,-2,over_one_cent,below,credit_card,0,0
cc460ac4435835dfdda5526dfe84f01f,delivered,2017-04-25 10:10:12,1,1,6,1,18540,5234,23774,23772,-2,over_one_cent,below,boleto,0,0
dc3adcf742779e0c8eb5bd587ed4ec57,delivered,2017-11-25 12:14:42,1,1,7,1,63538,9218,72756,72758,2,over_one_cent,above,credit_card,0,0
df13cbaf3230c62a4b582317936e8a39,delivered,2018-07-08 11:25:34,1,1,7,1,20552,9152,29704,29702,-2,over_one_cent,below,credit_card,0,0
e09dd765041e9934d762d51ccb26adee,delivered,2017-01-21 06:58:31,0,0,6,1,5940,5002,10942,10940,-2,over_one_cent,below,credit_card,0,0
e0f7f2941ad3a817c0cdb8f90b13f0f3,delivered,2017-11-23 09:57:47,1,1,6,1,23940,1698,25638,25640,2,over_one_cent,above,credit_card,0,0
005d9a5423d47281ac463a968b3936fb,delivered,2017-10-18 12:14:29,1,1,3,1,9997,4528,14525,14526,1,one_cent,above,credit_card,0,0
0603e869ecff28981f22e3ea3e91911b,delivered,2017-09-26 17:48:04,1,1,3,1,27470,6883,34353,34354,1,one_cent,above,credit_card,0,0
08af87fbe33eeebc7840433d94718046,shipped,2017-04-20 13:01:53,1,0,3,1,24450,5223,29673,29672,-1,one_cent,below,credit_card,0,0
08ed4f84b1a078202e8da80c8d96dc77,delivered,2018-02-28 17:06:27,1,1,3,1,5580,1701,7281,7280,-1,one_cent,below,credit_card,0,0
09ec142bfa34576d3914bdf8c19927c2,delivered,2018-07-20 16:25:59,1,1,3,1,4770,2305,7075,7076,1,one_cent,above,credit_card,0,0
0a280a8b4ce3fd3a61a076492e5d6b00,delivered,2017-12-26 13:27:01,1,1,3,1,14470,6255,20725,20724,-1,one_cent,below,credit_card,0,0
0c0aeabd6ae9d7a303af615334a220d0,delivered,2018-08-20 14:45:48,0,0,4,1,26484,7753,34237,34238,1,one_cent,above,credit_card,0,0
0c82a229fc22597c2361656cba8d3230,delivered,2018-05-15 16:10:38,1,1,7,1,49710,6900,56610,56609,-1,one_cent,below,credit_card,0,0
0c87b31e37ed8557e234cec91546d4cc,invoiced,2017-11-11 13:14:53,1,0,5,1,33544,6371,39915,39916,1,one_cent,above,credit_card,0,0
0ca8999f0176e37f35b6e49a9b2569da,delivered,2017-10-06 10:52:01,1,1,5,1,5896,3985,9881,9880,-1,one_cent,below,credit_card,0,0
0dd1400bcb0a842a18f9f659e724f7ff,delivered,2017-10-07 14:34:19,1,1,4,1,24800,4418,29218,29217,-1,one_cent,below,credit_card,0,0
0df7ce137bbb12afe0a4e2643c6c43ee,delivered,2018-01-12 09:24:46,1,1,3,1,19870,3778,23648,23647,-1,one_cent,below,credit_card,0,0
0ec20feeac30045e916578f17c2085e2,delivered,2018-08-16 13:12:38,0,0,6,1,41100,3900,45000,44999,-1,one_cent,below,credit_card,0,0
0f14db1abb2772e95d78a72c30d69678,delivered,2018-04-11 02:48:15,1,1,4,2,13260,7644,20904,20905,1,one_cent,above,credit_card|voucher,1,0
0f20a3721e8997ae2f771ec8cf0c4d3d,delivered,2018-06-22 12:06:16,1,1,4,1,31460,5440,36900,36899,-1,one_cent,below,boleto,0,0
0f38051157b7ad1d4e0b6c5d20de6ae7,delivered,2018-07-31 12:06:37,1,1,4,1,7987,6277,14264,14265,1,one_cent,above,boleto,0,0
1032cdde705c24776a43441b77855fe6,delivered,2017-11-24 18:40:50,1,1,3,1,9999,4632,14631,14630,-1,one_cent,below,credit_card,0,0
112909cbca6ebc18ce400189ea165cae,delivered,2018-06-26 13:22:57,1,1,3,1,37970,4556,42526,42527,1,one_cent,above,credit_card,0,0
1181af08903c7e8cc1cd6cd5df586dd6,delivered,2018-06-03 07:38:50,1,1,3,1,42450,4870,47320,47321,1,one_cent,above,credit_card,0,0
11bfb5214a47c5a12e3dab8cac01c304,delivered,2018-02-19 12:09:02,1,1,5,1,11740,7551,19291,19290,-1,one_cent,below,debit_card,0,0
13745e40e031fc753b072545abbde8e9,delivered,2017-08-12 22:00:15,1,1,3,1,13680,5333,19013,19012,-1,one_cent,below,credit_card,0,0
153b80864a22f0638fef4339488a2cf3,delivered,2017-11-15 00:16:15,1,1,2,1,37800,4336,42136,42135,-1,one_cent,below,credit_card,0,0
161743a94abde3599def5bdce166684c,delivered,2018-05-08 08:10:04,1,1,4,1,14860,7293,22153,22152,-1,one_cent,below,boleto,0,0
168d3552147af1da6282c46975968c45,delivered,2017-07-17 15:14:19,1,1,5,1,30798,6252,37050,37051,1,one_cent,above,credit_card,0,0
16aa7d10b833ccd4307a1159ba08d071,delivered,2018-03-24 06:41:33,1,1,3,1,27790,4600,32390,32389,-1,one_cent,below,credit_card,0,0
17d1c72c26f43dbcb91705626271e2f0,delivered,2017-11-02 17:18:08,1,1,2,1,15980,4260,20240,20239,-1,one_cent,below,credit_card,0,0
17fe101451195e941a90b55aa9cf2e48,delivered,2017-05-06 14:25:48,1,1,3,1,23190,4589,27779,27780,1,one_cent,above,credit_card,0,0
180956bcbdf2ff42e547ec8dec11ed1f,delivered,2018-01-09 15:55:38,1,1,4,1,48421,20664,69085,69086,1,one_cent,above,credit_card,0,0
1896e8b8fd196151559b02e31e98ce89,delivered,2018-03-09 19:09:47,1,1,2,1,7000,3896,10896,10895,-1,one_cent,below,debit_card,0,0
18f4178d9b3c33fa79c1a0d5eb214023,delivered,2018-05-07 19:12:47,1,1,5,1,22480,8110,30590,30589,-1,one_cent,below,credit_card,0,0
1a3fba90ea359c9da001520adf13fa7e,delivered,2018-01-26 14:18:17,1,1,3,1,14098,3640,17738,17737,-1,one_cent,below,credit_card,0,0
1ab8b3bd6a4d22497ce5164c01bc0e2c,delivered,2018-03-05 16:53:36,1,1,2,1,4400,1996,6396,6395,-1,one_cent,below,boleto,0,0
1c11d0f4353b31ac3417fbfa5f0f2a8a,delivered,2018-01-27 11:28:32,1,1,7,3,30677,11493,42170,42169,-1,one_cent,below,credit_card|voucher,1,0
1cc0e6e0f0b84a446c91dbc76f67f59c,shipped,2018-03-12 01:17:08,1,0,2,1,17980,6500,24480,24479,-1,one_cent,below,credit_card,0,0
1cd147d1c0fe18f3b742a353396c44a7,delivered,2018-08-20 17:04:34,0,0,2,1,8400,2000,10400,10399,-1,one_cent,below,credit_card,0,0
1e28e69f84e592969c53f666961fb156,delivered,2018-07-25 16:02:00,1,1,2,1,8000,2400,10400,10399,-1,one_cent,below,voucher,1,0
1f87ac3f856bae9e742538bc551bdf5b,delivered,2017-10-27 12:38:18,1,1,2,1,38998,3552,42550,42551,1,one_cent,above,credit_card,0,0
1fa3133aa187f5523ca99748f5b5578f,delivered,2017-06-01 19:08:30,1,1,3,1,7470,2335,9805,9804,-1,one_cent,below,credit_card,0,0
21a724726546c32790ded320f982a506,delivered,2017-11-24 23:17:34,1,1,5,1,15198,6400,21598,21599,1,one_cent,above,credit_card,0,0
21ac7b9aaf4cb4e41aa7ed2722a0c2ab,delivered,2018-05-23 18:30:11,1,1,3,1,67970,7855,75825,75826,1,one_cent,above,credit_card,0,0
220e9a646a779158c953b9bf145606ab,delivered,2017-11-09 11:50:46,1,1,2,1,17998,4508,22506,22507,1,one_cent,above,credit_card,0,0
223f078a123f6e7b1374cc086dabfa69,delivered,2018-04-30 18:55:04,1,1,3,1,30600,6685,37285,37284,-1,one_cent,below,credit_card,0,0
22a409aa094a6210e26006088a346124,delivered,2018-07-24 01:34:25,1,1,3,1,18697,6250,24947,24946,-1,one_cent,below,credit_card,0,0
2398303669883856391bb4ecd9a5db0a,delivered,2018-08-21 14:02:41,0,0,2,1,5798,2000,7798,7797,-1,one_cent,below,boleto,0,0
24914fccbca3abf70528903ab2af4bf8,delivered,2018-06-20 18:08:56,1,1,3,1,25870,5612,31482,31481,-1,one_cent,below,credit_card,0,0
26967c9a40c842f7e0067b4ef5489082,delivered,2017-10-27 14:25:35,1,1,2,1,23780,2008,25788,25787,-1,one_cent,below,boleto,0,0
28f0558838bcded1adf9bd48f1bdc457,delivered,2017-03-28 09:06:23,1,1,3,1,15179,7812,22991,22990,-1,one_cent,below,boleto,0,0
29baa2288a6c833c165b32b46e4ffcce,delivered,2018-03-12 15:13:45,1,1,2,1,19990,4600,24590,24589,-1,one_cent,below,credit_card,0,0
2b2e646f2556658e3d06c53ee0465153,delivered,2018-04-18 14:48:57,1,1,3,1,27692,6322,34014,34013,-1,one_cent,below,credit_card,0,0
2b302d95360eac2ba6fcfc99c8d247a9,delivered,2018-05-15 03:34:12,1,1,3,1,27900,2391,30291,30290,-1,one_cent,below,credit_card,0,0
2b5d5c1847d069c5efeb82f4056c15d8,delivered,2018-08-07 17:47:15,0,0,3,1,20466,5300,25766,25767,1,one_cent,above,boleto,0,0
2bedc0d7231e504d0476c606108e7e73,delivered,2018-06-13 01:57:22,1,1,3,1,19889,4360,24249,24248,-1,one_cent,below,credit_card,0,0
2d69f10ad3b8448d288a26023ff5f977,delivered,2018-06-05 17:40:18,1,1,3,1,55010,4610,59620,59621,1,one_cent,above,credit_card,0,0
2e8644b6852a0e75700c764e182ddbbe,delivered,2018-06-09 21:46:58,1,1,6,1,45200,9240,54440,54441,1,one_cent,above,credit_card,0,0
2fbff46c3474e8a16920d32aa242865b,delivered,2017-11-14 20:43:11,1,1,2,1,22988,4316,27304,27305,1,one_cent,above,boleto,0,0
30a022caf1ba5b86f28124ed216c859f,delivered,2018-03-06 22:50:41,1,1,6,1,24000,2100,26100,26099,-1,one_cent,below,credit_card,0,0
30afdf98bd76676a199127199643a168,delivered,2017-11-16 02:19:05,1,1,2,2,7780,1236,9016,9015,-1,one_cent,below,credit_card|voucher,1,0
310665e6326967af1b7df9e9ce885ff6,delivered,2017-10-31 10:19:44,1,1,2,1,13980,1624,15604,15605,1,one_cent,above,boleto,0,0
314313f56bd89ca04231bb9378291806,delivered,2018-04-23 21:10:23,1,1,4,1,35000,9566,44566,44565,-1,one_cent,below,boleto,0,0
31cc37975a360a347c3e668b4893fec3,delivered,2018-06-13 15:39:09,1,1,3,1,10988,3875,14863,14862,-1,one_cent,below,credit_card,0,0
31ee7866f7203208e59eba90498ead4c,delivered,2017-07-26 16:16:24,1,1,3,1,5770,4531,10301,10300,-1,one_cent,below,boleto,0,0
3263e5243c28ebe706f7500cf88054ad,delivered,2018-04-22 18:16:11,1,1,6,1,28500,8466,36966,36965,-1,one_cent,below,credit_card,0,0
32ab3bc68fa79c6d5d0066af3b91932f,delivered,2017-12-04 15:29:45,1,1,3,1,13998,4647,18645,18644,-1,one_cent,below,credit_card,0,0
3386674e0363653ac5f71597d88d80fe,delivered,2018-07-23 12:04:23,1,1,3,1,176000,10125,186125,186126,1,one_cent,above,credit_card,0,0
33ec97b423d769023dbd71f138aca94a,delivered,2017-10-30 21:53:24,1,1,4,1,136000,2188,138188,138187,-1,one_cent,below,credit_card,0,0
34ae480fe2cec3fa921d33b72b32572a,delivered,2018-08-17 11:15:25,0,0,3,1,57000,5298,62298,62299,1,one_cent,above,boleto,0,0
34b5c4f2b088c66075f85fc2291cfa06,delivered,2017-10-31 22:19:42,1,1,3,1,28655,2945,31600,31601,1,one_cent,above,boleto,0,0
34c1a691fc965ffffd792dbd8e7ac087,delivered,2017-12-10 18:34:12,1,1,4,1,7960,3113,11073,11072,-1,one_cent,below,credit_card,0,0
3675bad64212bdf96c5062ea051384e1,delivered,2017-11-02 22:59:31,1,1,2,1,48600,5596,54196,54197,1,one_cent,above,credit_card,0,0
38e47cf95d95719dfbececfd1cfde0cc,delivered,2017-10-31 19:39:36,1,1,2,1,28600,3856,32456,32455,-1,one_cent,below,credit_card,0,0
3a46c264be2fad6d10c5a7362d8cc2ff,delivered,2018-04-17 11:58:28,1,1,3,1,16170,2700,18870,18869,-1,one_cent,below,credit_card,0,0
3c314f50bc654f3c4e317b055681dff9,delivered,2017-03-16 14:36:05,1,1,3,1,20300,9388,29688,29689,1,one_cent,above,credit_card,0,0
3d0e80567ee51ea2f1b6c2988e9b7c3f,delivered,2017-08-15 13:56:14,1,1,3,1,29995,7952,37947,37946,-1,one_cent,below,credit_card,0,0
3e69c99cf58356667fdbd6b7ab0c1e35,delivered,2018-06-13 00:14:13,1,1,3,1,14300,2279,16579,16578,-1,one_cent,below,credit_card,0,0
40480952d51c22285abc3b9a16595822,delivered,2017-08-29 12:28:02,1,1,3,1,15480,3358,18838,18839,1,one_cent,above,credit_card,0,0
407fe646704ea7828e324c8ef7e7e616,delivered,2018-07-23 15:44:35,1,1,3,1,35713,8807,44520,44519,-1,one_cent,below,boleto,0,0
40c6a2db0ce06b7ed796a48b20206c92,delivered,2017-11-24 13:37:20,1,1,3,1,22970,5335,28305,28306,1,one_cent,above,credit_card,0,0
40e4b27fe658a1c1e627e503b29ef734,delivered,2018-06-24 17:20:56,1,1,3,1,6970,2568,9538,9537,-1,one_cent,below,credit_card,0,0
415f2ac1a1d977ad1f20427eec4c62ce,delivered,2017-04-24 19:58:33,1,1,3,1,10800,10181,20981,20982,1,one_cent,above,boleto,0,0
427ab04bb9a88ee00929a510651d77c2,delivered,2018-04-12 08:10:13,1,1,3,1,25778,2963,28741,28740,-1,one_cent,below,boleto,0,0
43b2cd469a6cee268b9be121cbaf17ba,delivered,2018-08-11 22:10:44,0,0,2,1,11980,2100,14080,14079,-1,one_cent,below,credit_card,0,0
43d0adacfa785ccb9e7544f2c82c5566,delivered,2018-02-13 19:16:22,1,1,3,1,34500,1701,36201,36200,-1,one_cent,below,credit_card,0,0
4412d97cb2093633afa85f11db46316c,delivered,2018-05-22 13:43:23,1,1,6,1,309975,9599,319574,319573,-1,one_cent,below,boleto,0,0
445736171736c70c6187ee83c34165fe,delivered,2018-08-14 22:08:52,0,0,2,1,4906,2000,6906,6905,-1,one_cent,below,credit_card,0,0
46cfd37753bbd00f768165cf4cb7ace1,delivered,2017-10-26 01:34:57,1,1,5,1,32270,6530,38800,38799,-1,one_cent,below,credit_card,0,0
4753fcd70058320b38a45cc68f6de6c7,delivered,2017-11-29 10:08:46,1,1,3,1,17700,4030,21730,21729,-1,one_cent,below,credit_card,0,0
4a28fe31d1808616ef3925084765c8b3,delivered,2018-03-13 13:29:52,1,1,2,1,3998,2100,6098,6097,-1,one_cent,below,boleto,0,0
4adbb023fd0ab6d84373f8f2f20a9ef5,delivered,2018-05-12 19:29:42,1,1,3,1,8890,6435,15325,15326,1,one_cent,above,credit_card,0,0
4baffd900565a4d95fde9d2057b95813,delivered,2017-11-14 20:23:45,1,1,2,1,13980,2704,16684,16683,-1,one_cent,below,credit_card,0,0
4bb1efeacab943b0b5364e7121fbcd62,delivered,2018-04-30 14:04:18,1,1,6,1,17994,10936,28930,28931,1,one_cent,above,credit_card,0,0
4cd88e929bc2c3be1b5e48b3a4c1e287,delivered,2017-11-15 23:41:10,1,1,2,1,11980,1416,13396,13397,1,one_cent,above,credit_card,0,0
4ce5781581782e1783fb9ed718ab6053,delivered,2018-07-19 17:43:55,1,1,2,1,2978,1900,4878,4877,-1,one_cent,below,boleto,0,0
4d680edbaa7d3d9bed69532957368a03,delivered,2018-08-20 14:34:51,0,0,3,1,28698,6610,35308,35309,1,one_cent,above,credit_card,0,0
4ed127b02fb1ebdaf9a0e4be8ca000f9,delivered,2018-06-26 21:10:19,1,1,3,2,31685,5410,37095,37094,-1,one_cent,below,credit_card|voucher,1,0
51a5a1d89c87180cafd033debbc60f31,delivered,2017-11-02 22:14:17,1,1,2,1,7680,1612,9292,9291,-1,one_cent,below,boleto,0,0
5337d26d14027f547caacb7fee230f81,delivered,2017-10-07 17:46:00,1,1,4,1,19480,6197,25677,25676,-1,one_cent,below,credit_card,0,0
539d0e8a233d633cce2f53dc4280c55e,delivered,2018-03-13 09:14:23,1,1,3,1,16170,2700,18870,18869,-1,one_cent,below,credit_card,0,0
547b3596c03dfad1b87305e9c5a554c2,delivered,2018-04-22 23:05:38,1,1,3,1,10097,2397,12494,12493,-1,one_cent,below,credit_card,0,0
54a4cb7fbd793ac4fa5f2a5dd9e1fe8f,delivered,2017-09-05 11:10:05,1,1,6,1,27340,9060,36400,36399,-1,one_cent,below,boleto,0,0
54b4da510fed5dc3cf3e7a8e50a5f224,delivered,2018-03-05 22:57:31,1,1,3,1,24280,7485,31765,31764,-1,one_cent,below,credit_card,0,0
55881111d8b37a0e45cf97b156ae1943,delivered,2018-08-01 22:12:32,0,0,3,1,26090,4468,30558,30557,-1,one_cent,below,credit_card,0,0
55f8a030ae34836632355176608c7314,delivered,2018-01-22 14:55:18,1,1,3,1,8990,3555,12545,12544,-1,one_cent,below,credit_card,0,0
56b8dfac98a87021344bae2675b86709,delivered,2017-11-05 12:10:00,1,1,3,1,33995,19845,53840,53839,-1,one_cent,below,credit_card,0,0
589afae8e1396e2a2dc24a1c68223809,delivered,2018-06-13 20:47:10,1,1,3,1,10260,3870,14130,14131,1,one_cent,above,credit_card,0,0
58ad8c9795c17d85d9005b42f7c3d14f,delivered,2017-11-14 23:19:40,1,1,3,1,11520,933,12453,12454,1,one_cent,above,boleto,0,0
596f9f1543a2c306f3aec8f22e806ff0,delivered,2017-06-05 23:56:59,1,1,4,1,17470,1517,18987,18986,-1,one_cent,below,credit_card,0,0
5a3b1c29a49756e75f1ef513383c0c12,delivered,2017-10-17 13:06:29,1,1,11,1,71508,13886,85394,85395,1,one_cent,above,credit_card,0,0
5bc4d0aa53124192dd06058bdf74a6a7,delivered,2018-03-09 18:04:09,1,1,2,1,29980,2400,32380,32379,-1,one_cent,below,credit_card,0,0
5bf0c7788e61420541921eb52120d901,delivered,2017-11-15 12:50:22,1,1,2,1,11780,2124,13904,13905,1,one_cent,above,credit_card,0,0
5f0204c837c9b96a76c8da513f40ab17,delivered,2018-07-29 17:12:50,1,1,2,1,19000,2000,21000,20999,-1,one_cent,below,boleto,0,0
602fd0f12980f5a92b67acc19187fb87,delivered,2018-08-15 06:12:03,0,0,2,1,13282,2000,15282,15281,-1,one_cent,below,credit_card,0,0
61a4e749e6975384980e883fc5653d8b,delivered,2017-07-21 15:08:23,1,1,5,1,144950,14175,159125,159124,-1,one_cent,below,credit_card,0,0
62073ec6b54b8e6322037fc0f3591ad3,delivered,2018-04-02 12:22:06,1,1,7,1,85966,45647,131613,131614,1,one_cent,above,credit_card,0,0
63897b6705887543f6b7e7a468ff337f,delivered,2017-10-31 15:47:37,1,1,2,1,7980,1336,9316,9317,1,one_cent,above,boleto,0,0
648a268c494bbf8c97c03ec64c2ff4d3,delivered,2017-11-02 11:30:33,1,1,2,1,11980,1768,13748,13747,-1,one_cent,below,boleto,0,0
66b6937d9706c4f9213b289715bcd3f8,delivered,2017-11-28 01:25:12,1,1,3,1,4140,2645,6785,6786,1,one_cent,above,credit_card,0,0
673242a6057d4287cb24379d405cf5ac,delivered,2017-07-15 14:31:13,1,1,3,1,6698,4833,11531,11530,-1,one_cent,below,credit_card,0,0
675dac8b73cb0d20fa633e864deb7e1e,delivered,2018-05-18 11:00:26,1,1,2,1,29980,2400,32380,32379,-1,one_cent,below,boleto,0,0
676d6ec8daa75f6ab88d0b539523aa0c,delivered,2017-10-31 12:22:03,1,1,5,1,57300,4950,62250,62251,1,one_cent,above,credit_card,0,0
6816ae2fd8e9a4a6674dc2eb053da35b,delivered,2018-04-07 12:10:27,1,1,5,1,14950,3856,18806,18805,-1,one_cent,below,credit_card,0,0
68a3e4dca76ceed7ef884e732b63bdee,delivered,2017-08-27 13:05:04,1,1,6,1,8094,9060,17154,17153,-1,one_cent,below,credit_card,0,0
69219bd2a51085b84942501a7db3aecd,delivered,2018-08-02 20:09:31,0,0,2,1,5980,2100,8080,8079,-1,one_cent,below,boleto,0,0
6a30ecf6e27a0c6c8373a4ffc57cb353,delivered,2018-03-25 14:29:45,1,1,4,1,47799,5852,53651,53652,1,one_cent,above,credit_card,0,0
6a94666b47f6006dda56e5edc10968a3,delivered,2017-01-31 09:57:39,0,0,4,1,9500,1801,11301,11300,-1,one_cent,below,boleto,0,0
6bf83087dc6176ce753398bf1a976f0b,delivered,2017-10-17 15:55:42,1,1,6,1,81570,17100,98670,98669,-1,one_cent,below,credit_card,0,0
6c55bf4d09523cf2a72a452cdc0f0a80,delivered,2018-05-22 15:45:04,1,1,3,1,44982,7235,52217,52216,-1,one_cent,below,credit_card,0,0
6cb2e47e3a5794ff1a6157838c9e32e5,delivered,2017-10-27 13:10:56,1,1,2,1,15600,1632,17232,17231,-1,one_cent,below,credit_card,0,0
6cd3f2ca1a0a50c0500752842d4dd018,delivered,2018-05-18 22:38:05,1,1,3,1,9900,3930,13830,13829,-1,one_cent,below,credit_card,0,0
6e0f64efb04a60cc8a5bff3e30663c02,delivered,2018-01-30 13:48:42,1,1,3,1,46588,3860,50448,50447,-1,one_cent,below,credit_card,0,0
6e29fafdff2b42dbeca7ed271dea0fc9,delivered,2018-01-13 06:50:03,1,1,5,1,15650,3889,19539,19540,1,one_cent,above,debit_card,0,0
6ed043d494d076830babf38c25630d86,delivered,2018-01-16 13:29:45,1,1,4,1,28690,5462,34152,34151,-1,one_cent,below,credit_card,0,0
6f6141eab1bb4e6c11c31e631b60443a,delivered,2018-07-29 17:15:10,1,1,2,1,25398,1900,27298,27297,-1,one_cent,below,debit_card,0,0
6fd59e3ae7e24c50131f6bc97c4c7776,delivered,2017-10-31 20:32:39,1,1,2,1,287400,3948,291348,291347,-1,one_cent,below,credit_card,0,0
70cd45f4715c8840b197efee2b9d533c,delivered,2017-10-31 23:50:58,1,1,2,1,13598,3336,16934,16935,1,one_cent,above,credit_card,0,0
711526597d2e1f1b5ee9bf5c4af2c4cf,delivered,2018-07-27 17:36:19,1,1,4,2,60000,16812,76812,76811,-1,one_cent,below,credit_card|voucher,1,0
719cb31645fb8251f1eeecfe977c16c5,delivered,2017-11-02 16:30:44,1,1,2,1,27600,2580,30180,30181,1,one_cent,above,credit_card,0,0
730c83933acab283b21bae7b3fcc91d1,delivered,2018-07-05 08:54:50,1,1,3,1,52498,6565,59063,59062,-1,one_cent,below,credit_card,0,0
73a15e8fc5de8485d1f16639bc66a273,delivered,2018-08-14 18:03:56,0,0,3,1,19770,2400,22170,22169,-1,one_cent,below,credit_card,0,0
745e2506fb647deca4669e1c88ce9783,delivered,2018-01-21 13:20:39,1,1,4,1,41960,7193,49153,49152,-1,one_cent,below,credit_card,0,0
786a54ce0cf9dab273f41727d56f96ec,delivered,2017-11-01 20:10:34,1,1,2,1,19800,4600,24400,24399,-1,one_cent,below,credit_card,0,0
79d316a7d0d628895124bcefd1040ed7,delivered,2018-08-14 19:12:16,0,0,2,1,47980,1900,49880,49879,-1,one_cent,below,credit_card,0,0
79d99d8498728081a42a978071007d45,delivered,2018-03-24 22:23:03,1,1,4,1,40720,6861,47581,47582,1,one_cent,above,credit_card,0,0
7a70b827ebc6ab85bd4e28739619bb2d,delivered,2018-08-08 17:41:10,0,0,3,1,53570,11444,65014,65013,-1,one_cent,below,credit_card,0,0
7ef47a1e75585d3f1b03dad4bf944a2c,delivered,2018-05-18 17:26:40,1,1,4,1,6860,3373,10233,10234,1,one_cent,above,credit_card,0,0
8200c0f5298c25d0c51f66b1c63b6ebc,delivered,2018-01-23 23:40:21,1,1,3,1,40800,5285,46085,46084,-1,one_cent,below,credit_card,0,0
83eee67c21d596a653687afe2c8ebad8,delivered,2018-04-24 13:07:39,1,1,3,1,13437,2622,16059,16058,-1,one_cent,below,credit_card,0,0
83f0c4c6b1a3c31214ca8266dc888258,delivered,2018-01-27 00:10:10,1,1,7,1,55987,14842,70829,70828,-1,one_cent,below,credit_card,0,0
84580325d236dbdc6585c81d12f5c9ab,delivered,2018-05-15 13:47:02,1,1,3,1,14500,3897,18397,18396,-1,one_cent,below,credit_card,0,0
85d1f27ce2b79aafb89810ff41fc3e72,delivered,2017-12-23 01:23:00,1,1,3,2,12470,4732,17202,17201,-1,one_cent,below,credit_card|voucher,1,0
8608b68211e2b6a120ff2e767285e069,delivered,2017-09-18 20:11:16,1,1,6,1,33540,1801,35341,35340,-1,one_cent,below,credit_card,0,0
8745becbbbd36c57276dc93fed8bbe1c,delivered,2018-02-12 14:14:43,1,1,3,1,6750,2615,9365,9366,1,one_cent,above,credit_card,0,0
877448ea783b661571099dbd672a4fa3,delivered,2018-02-05 15:18:24,1,1,5,1,32800,12814,45614,45615,1,one_cent,above,credit_card,0,0
895dce73de79888b14581541cf3a811b,delivered,2017-10-27 13:26:59,1,1,7,1,41930,1617,43547,43548,1,one_cent,above,credit_card,0,0
8a2629274a548e155cba08215435391a,delivered,2017-11-02 01:31:44,1,1,3,1,23670,3260,26930,26931,1,one_cent,above,credit_card,0,0
8a4c749f6b6350f68770c00405f8612a,delivered,2017-12-02 11:13:19,1,1,3,1,20700,6079,26779,26778,-1,one_cent,below,boleto,0,0
8a4f504a9826004fb1b0957a12aad33a,delivered,2018-08-20 16:26:49,0,0,2,1,130000,7800,137800,137799,-1,one_cent,below,credit_card,0,0
8ac5b235603eee2e21e36261b2df536c,delivered,2017-11-27 11:26:14,1,1,5,2,5295,6370,11665,11666,1,one_cent,above,credit_card|voucher,1,0
8b486b19bcb4db26c3e24a6e6d4e2e39,delivered,2018-03-27 17:19:28,1,1,5,1,90782,16329,107111,107112,1,one_cent,above,credit_card,0,0
8dcdc3f032fcbc54ae56d5a0f0c2f18c,delivered,2017-03-24 15:46:56,1,1,3,1,14370,4843,19213,19212,-1,one_cent,below,credit_card,0,0
8dff71d623cf6a422b03adc61a69368b,delivered,2017-11-15 17:54:51,1,1,2,2,25400,1208,26608,26609,1,one_cent,above,credit_card,0,0
8e1b263d5e8ddea4e42b96cc5fb0edc2,delivered,2018-08-17 16:13:44,0,0,2,1,14400,2000,16400,16399,-1,one_cent,below,credit_card,0,0
8e6c25f5e4548a8a880c0339b15b8ab7,delivered,2017-11-24 14:42:01,1,1,3,1,35070,4975,40045,40044,-1,one_cent,below,credit_card,0,0
8f72f1ad07895bd823ba96b580936a1f,delivered,2017-02-03 10:15:40,1,1,3,1,15970,5135,21105,21104,-1,one_cent,below,credit_card,0,0
94647755aed55676ec36da516c9d439f,delivered,2018-01-25 00:00:06,1,1,3,1,16800,5160,21960,21959,-1,one_cent,below,boleto,0,0
969d4417af042f4e8bb879f49e51b447,delivered,2017-05-18 08:40:01,1,1,3,1,77350,3990,81340,81341,1,one_cent,above,credit_card,0,0
96e60a8b7fe4d9cd4f5ef7f3399a502b,delivered,2017-01-27 17:16:40,0,0,3,1,29700,2001,31701,31700,-1,one_cent,below,credit_card,0,0
97b75ddaf041b0f141f0dc8617f58661,delivered,2017-11-02 16:17:52,1,1,2,1,22598,3416,26014,26013,-1,one_cent,below,credit_card,0,0
98573bb494103800f6790b57c1357ba7,delivered,2017-12-13 00:16:27,1,1,3,1,20980,5585,26565,26564,-1,one_cent,below,credit_card,0,0
98c398503085e37d1c5da3e29980ee25,delivered,2018-02-12 11:44:29,1,1,3,1,14970,8510,23480,23479,-1,one_cent,below,boleto,0,0
9aa70c8fac4649c143933fedf26730f3,delivered,2017-10-31 17:05:18,1,1,2,1,55980,2384,58364,58363,-1,one_cent,below,credit_card,0,0
9afd9ae98cb2fcc3bc5b893594ccf663,delivered,2017-09-15 14:45:57,1,1,3,1,3969,4530,8499,8498,-1,one_cent,below,credit_card,0,0
9d4837e9f15d4e57e4783e22786cb407,delivered,2018-02-06 18:23:16,1,1,5,1,40450,7657,48107,48106,-1,one_cent,below,credit_card,0,0
9d4f40b767fac576ddb5e71af7db166c,delivered,2018-08-13 18:48:15,0,0,2,1,15000,2000,17000,16999,-1,one_cent,below,credit_card,0,0
9d6b1d10fd62d8f52d1ee875b4842c2e,delivered,2017-11-19 19:59:00,1,1,2,1,11980,1768,13748,13747,-1,one_cent,below,boleto,0,0
9d8a3b882eccfedffcd196e7d1e4cf20,delivered,2018-06-30 22:43:00,1,1,3,1,19780,14107,33887,33888,1,one_cent,above,credit_card,0,0
9e96be941daa62b6b3eb0b074ba23a9e,delivered,2017-11-15 13:15:01,1,1,2,1,45998,7048,53046,53047,1,one_cent,above,credit_card,0,0
9eedca0abb31d377cd420b89775a64a8,delivered,2017-11-28 13:58:56,1,1,4,1,30600,5845,36445,36444,-1,one_cent,below,boleto,0,0
9f36a6b11ec95b4f8586000d49dae422,delivered,2018-05-08 18:54:41,1,1,6,1,31920,7684,39604,39605,1,one_cent,above,credit_card,0,0
9ffe2ecd67ea09ead5b860aa81182fd7,delivered,2017-12-07 17:27:48,1,1,3,1,57970,4755,62725,62724,-1,one_cent,below,credit_card,0,0
a0b44209913b27635b5d9813244b7f87,delivered,2017-11-25 10:49:51,1,1,3,1,7170,4528,11698,11699,1,one_cent,above,credit_card,0,0
a1abeb653a4d4cd1e142ccb8c82cd069,delivered,2017-07-20 11:20:52,1,1,3,1,22974,7481,30455,30456,1,one_cent,above,boleto,0,0
a2d65cbc20a4d7cbdbda0bc41b1e228c,delivered,2018-08-08 10:32:05,0,0,3,1,21965,5712,27677,27678,1,one_cent,above,credit_card,0,0
a4f6c6ff0270709873e39b3fc5c2f256,delivered,2017-11-02 19:57:15,1,1,3,1,17670,2124,19794,19795,1,one_cent,above,credit_card,0,0
a63d6f123bbccd71286ef76811cb2a3b,delivered,2018-08-27 12:39:11,0,0,3,1,14900,3200,18100,18099,-1,one_cent,below,boleto,0,0
a71b8771c97d895f5a8240e4a24597dc,delivered,2018-08-09 21:26:59,0,0,4,1,26020,4037,30057,30058,1,one_cent,above,credit_card,0,0
a9c12c3dbd383763a49141b30627fd5d,delivered,2018-02-27 11:51:02,1,1,6,1,11250,9060,20310,20309,-1,one_cent,below,credit_card,0,0
aa2dc936dd126536c8f2eb4dbaf37333,delivered,2018-07-30 08:34:27,1,1,4,1,16778,5456,22234,22235,1,one_cent,above,credit_card,0,0
abccdfc385eeac64f4e5147bc7d9191c,delivered,2018-07-20 04:09:34,1,1,3,1,10979,2560,13539,13538,-1,one_cent,below,credit_card,0,0
ad20d0dfe5b91c07df72dff0206aacd9,delivered,2017-10-31 22:19:42,1,1,2,1,9180,1268,10448,10449,1,one_cent,above,boleto,0,0
ade69ba18f873dc21f043783d60beeb6,delivered,2017-11-28 10:12:32,1,1,3,1,20470,5085,25555,25556,1,one_cent,above,credit_card,0,0
af8e7d8a37a728552281a38e79f5e82a,delivered,2017-05-02 18:34:59,1,1,3,1,17970,7385,25355,25356,1,one_cent,above,credit_card,0,0
b0aab812f60f61971b4695951d09766d,delivered,2017-02-17 10:01:37,1,1,4,1,13160,4541,17701,17700,-1,one_cent,below,credit_card,0,0
b22d5e326467a7e6ce236f3bc54bfde5,delivered,2017-11-15 16:40:10,1,1,4,1,10970,4530,15500,15499,-1,one_cent,below,boleto,0,0
b2eda1812564491a3461f7e08104ed8f,delivered,2018-08-15 16:08:01,0,0,4,1,12648,3200,15848,15847,-1,one_cent,below,credit_card,0,0
b310a5cacafc1233286e34caf4fe9135,delivered,2018-03-20 22:20:31,1,1,3,1,10500,5390,15890,15891,1,one_cent,above,credit_card,0,0
b34eea540a919377d376dccd30ce2ac8,delivered,2017-11-14 18:25:42,1,1,3,1,14700,3414,18114,18115,1,one_cent,above,credit_card,0,0
b50e9081ca228b1950dba3678b9e13b8,delivered,2017-11-25 18:26:39,1,1,4,1,25500,6277,31777,31778,1,one_cent,above,credit_card,0,0
b528343ff0b10c32c5c7baf68f6536ba,delivered,2018-05-30 14:58:50,1,1,3,1,7995,2945,10940,10939,-1,one_cent,below,credit_card,0,0
b6713a6dc00fb0473d12bd8b08a88cd0,delivered,2017-10-31 17:54:25,1,1,4,1,14360,1184,15544,15545,1,one_cent,above,credit_card,0,0
b69bd58058e7fc58b745d22ad1c62eb6,delivered,2018-08-21 10:00:51,0,0,2,1,9980,2800,12780,12779,-1,one_cent,below,boleto,0,0
b886293e979c828299f8fbae51cd8a51,delivered,2017-11-09 16:02:26,1,1,3,1,23900,4493,28393,28392,-1,one_cent,below,credit_card,0,0
ba930d713b7bf3dca12e701703ff8eb5,delivered,2017-08-24 02:38:05,1,1,3,1,19136,4313,23449,23450,1,one_cent,above,credit_card,0,0
badf900cebb1447c807cd761411ca369,delivered,2017-11-15 12:39:34,1,1,2,1,25800,3120,28920,28921,1,one_cent,above,credit_card,0,0
bb9a2de2f513259a76f6cab031523257,delivered,2018-07-24 12:42:16,1,1,3,1,10500,4787,15287,15288,1,one_cent,above,credit_card,0,0
bbcc1c8c6b1353a43012bfe1b7380a29,delivered,2017-10-27 12:03:58,1,1,3,1,3597,1557,5154,5153,-1,one_cent,below,debit_card,0,0
bd198b62b5d99af74a4c0dbf717fd5f0,delivered,2018-03-13 06:48:39,1,1,2,1,57000,4000,61000,60999,-1,one_cent,below,credit_card,0,0
bddbca2d48a961d74fe81de8febf9a73,delivered,2018-03-22 09:15:32,1,1,3,1,12580,5470,18050,18049,-1,one_cent,below,credit_card,0,0
bfb1a4b760e9c724cd7e14be83b61b54,delivered,2018-05-20 20:24:03,1,1,4,1,34820,11702,46522,46521,-1,one_cent,below,credit_card,0,0
c03748652e7cdfeb73bf4aa3b41da0dc,delivered,2018-07-11 18:16:29,1,1,3,1,39990,8205,48195,48194,-1,one_cent,below,credit_card,0,0
c1961b98e4fd21637c3d46794c5ecd19,delivered,2018-05-03 12:10:46,1,1,5,1,28490,12044,40534,40533,-1,one_cent,below,credit_card,0,0
c1d2b34febe9cd269e378117d6681172,delivered,2017-11-09 00:50:13,1,1,2,1,22598,4980,27578,27579,1,one_cent,above,credit_card,0,0
c1dcb1e220fb7a81105d999aac3e0b2f,delivered,2018-07-13 15:47:12,1,1,2,1,9982,2400,12382,12381,-1,one_cent,below,boleto,0,0
c391989528d1e7049decd5a0e37bdd19,delivered,2017-11-15 22:51:19,1,1,2,1,17980,1988,19968,19967,-1,one_cent,below,boleto,0,0
c3a8c3c9ace4452ea16d331ba3c44c50,delivered,2017-07-17 19:35:32,1,1,4,1,23096,4757,27853,27852,-1,one_cent,below,credit_card,0,0
c3ad507aba1f6b47354085e7e6bed0cf,delivered,2017-01-21 19:46:23,0,0,3,1,36970,9738,46708,46709,1,one_cent,above,credit_card,0,0
c45bac21efb8f0856af311a0f8d67695,delivered,2018-03-23 11:59:35,1,1,5,1,41145,9227,50372,50371,-1,one_cent,below,credit_card,0,0
c51ac157d012284a7dae95487ebcc6ad,delivered,2017-11-14 22:19:50,1,1,2,1,17980,1212,19192,19193,1,one_cent,above,credit_card,0,0
c55c2cba4bd6069c80c2531fe9a9188a,delivered,2017-11-03 09:55:46,1,1,2,1,14194,1776,15970,15969,-1,one_cent,below,boleto,0,0
c5a2f330a53172144cc43fba697c2e8f,delivered,2018-08-08 18:52:43,0,0,2,1,45000,4000,49000,48999,-1,one_cent,below,credit_card,0,0
c5e3762173a6276b31e43d49c34aaca5,delivered,2017-11-14 22:39:20,1,1,3,1,14697,1659,16356,16357,1,one_cent,above,credit_card,0,0
c887c09a3acf3b6fe0ba319d68d385a8,delivered,2017-07-27 12:04:47,1,1,4,1,37960,6166,44126,44125,-1,one_cent,below,credit_card,0,0
c9078b2ce6167917416ddd9b7c40b5f5,delivered,2018-03-03 19:10:32,1,1,3,1,4347,1701,6048,6047,-1,one_cent,below,boleto,0,0
c924e1b4e4e8406a086385b5136d25a3,delivered,2017-10-31 17:26:08,1,1,2,1,14178,1424,15602,15603,1,one_cent,above,credit_card,0,0
c9e21564afa689e7e67a79fdebfcd286,delivered,2018-08-14 19:32:48,0,0,2,1,35500,3300,38800,38799,-1,one_cent,below,credit_card,0,0
cc8068a058758e65bf66266523272c96,delivered,2018-08-21 14:33:37,0,0,3,1,11400,1998,13398,13399,1,one_cent,above,credit_card,0,0
ccd2795b4fd33757b039fb15b8a12109,delivered,2018-08-15 16:58:08,0,0,4,1,4110,4493,8603,8604,1,one_cent,above,credit_card,0,0
cd503c4ebaea202ada676515dad4d180,delivered,2017-07-18 16:50:12,1,1,4,1,19964,6444,26408,26409,1,one_cent,above,credit_card,0,0
cd51709c98c738351915f79c4318675e,delivered,2018-01-30 16:10:05,1,1,7,1,111600,23304,134904,134905,1,one_cent,above,credit_card,0,0
ce9fc4b5d521bad32b0c3893b9b3788f,delivered,2017-11-15 16:18:30,1,1,2,1,21780,2124,23904,23905,1,one_cent,above,boleto,0,0
d2927bf34d3adc3b878e226b7af91519,delivered,2017-12-16 17:33:23,1,1,3,1,20200,4760,24960,24959,-1,one_cent,below,credit_card,0,0
d4fae577806d683110e00e18a5e181be,delivered,2018-08-28 19:32:05,0,0,4,1,10369,3573,13942,13943,1,one_cent,above,boleto,0,0
d5211af24819d319c02a285e7bb51750,delivered,2018-08-03 16:29:05,0,0,6,1,15978,2697,18675,18676,1,one_cent,above,credit_card,0,0
d530e9ca74c227659f36ed6a61fa9e07,delivered,2017-11-15 10:43:50,1,1,2,1,4998,1680,6678,6677,-1,one_cent,below,credit_card,0,0
d839ea07a528e914f89702508023da37,delivered,2017-10-11 14:49:49,1,1,4,1,24985,6085,31070,31069,-1,one_cent,below,credit_card,0,0
dbd4cbb492a12b99c5224014930acc18,delivered,2017-03-26 14:12:46,1,1,3,1,10330,3761,14091,14090,-1,one_cent,below,debit_card,0,0
dceb62e8fa94b46006c9554fed743df0,delivered,2017-07-20 20:58:05,1,1,3,4,27879,5128,33007,33006,-1,one_cent,below,credit_card|voucher,1,0
dd6f0c8e93a1d569d6353f78319a340f,delivered,2018-02-25 02:10:33,1,1,3,1,15920,3730,19650,19649,-1,one_cent,below,credit_card,0,0
dd8f044a145ebf7152fc8a718cbd3412,delivered,2017-09-03 10:41:08,1,1,5,1,132650,33335,165985,165984,-1,one_cent,below,credit_card,0,0
e1d78d7d328dc5311016ff1ef499dcc5,delivered,2017-10-23 14:18:27,1,1,4,1,23715,7409,31124,31123,-1,one_cent,below,credit_card,0,0
e1e51d84ada825cd2396a682884d7c5c,delivered,2017-11-25 17:45:40,1,1,3,1,5970,3555,9525,9524,-1,one_cent,below,credit_card,0,0
e221ce99afbfcb8f74f80a788755f32a,delivered,2018-05-20 20:57:43,1,1,3,1,21700,6204,27904,27905,1,one_cent,above,credit_card,0,0
e2384e27d52c798743c71c9f2c57763a,delivered,2018-08-16 12:36:06,0,0,3,1,8970,1998,10968,10969,1,one_cent,above,credit_card,0,0
e2df710c10b3d255c51ae1fb11bfcd11,delivered,2017-10-31 15:17:43,1,1,3,1,5670,1509,7179,7180,1,one_cent,above,boleto,0,0
e2fbe37c6717808ef07b8f2b1cc63c40,delivered,2017-11-09 11:52:53,1,1,3,1,19470,1620,21090,21091,1,one_cent,above,credit_card,0,0
e37f11cae9985ca58f0b56f268720537,delivered,2017-07-26 11:46:34,1,1,7,1,10660,11425,22085,22086,1,one_cent,above,boleto,0,0
e387920071d53124f3db7d7b1a42c257,delivered,2018-03-22 20:44:45,1,1,3,1,24747,2375,27122,27123,1,one_cent,above,credit_card,0,0
e3e9a2046c37eea9713341a3994bcf52,delivered,2017-11-01 22:25:54,1,1,3,1,74997,7878,82875,82874,-1,one_cent,below,credit_card,0,0
e50118751e7505e22fb6491d648be823,delivered,2018-02-22 16:26:35,1,1,5,1,11740,7551,19291,19290,-1,one_cent,below,credit_card,0,0
e6c656a21310d32909eab8c157ccb639,delivered,2018-08-06 21:19:27,0,0,3,1,60074,7500,67574,67575,1,one_cent,above,credit_card,0,0
ecb9b15795b8962c43e024cc97611605,delivered,2018-05-14 11:59:12,1,1,4,1,43369,4616,47985,47986,1,one_cent,above,boleto,0,0
ed0b6f8c8617370e53735a5d963bb5b6,delivered,2017-09-18 18:53:15,1,1,4,1,6760,3113,9873,9872,-1,one_cent,below,credit_card,0,0
ed81dbeb0cedad4d3d1f1551b06d6ca3,delivered,2018-02-28 14:08:27,1,1,4,1,21560,7051,28611,28612,1,one_cent,above,credit_card,0,0
ee514292cc5c49e7bb2856b564c4188f,delivered,2017-12-20 11:07:49,1,1,3,1,10300,4630,14930,14931,1,one_cent,above,boleto,0,0
ee55499a08fd5913d6231b4702964354,delivered,2018-07-17 23:36:52,1,1,3,1,15199,4916,20115,20116,1,one_cent,above,credit_card,0,0
eedcf6db339a0b2ce303e615dceaee65,delivered,2018-03-04 22:23:33,1,1,3,1,17770,5623,23393,23394,1,one_cent,above,credit_card,0,0
f04bfdbef5359607d39e66fccc9cc0de,delivered,2017-09-13 15:07:45,1,1,4,1,72150,27700,99850,99849,-1,one_cent,below,credit_card,0,0
f05099a928d90c394963b1f0d8360149,delivered,2017-08-16 01:56:09,1,1,4,1,13290,6290,19580,19579,-1,one_cent,below,credit_card,0,0
f15a9d9b458aa040e6c47b6bb2311fb4,delivered,2017-05-16 21:55:21,1,1,3,1,18700,4865,23565,23564,-1,one_cent,below,credit_card,0,0
f2afcdfbf3e9be7b7561ccd2a7e4a9cc,delivered,2017-07-30 22:29:00,1,1,3,1,22470,4280,26750,26751,1,one_cent,above,credit_card,0,0
f49051d4b155a83c8d939a1c6a850689,delivered,2017-09-08 16:38:41,1,1,5,1,49295,6094,55389,55388,-1,one_cent,below,boleto,0,0
f5aa338a071dcf7d23d8e6b116bfcab5,delivered,2017-11-22 09:52:07,1,1,9,1,48150,35748,83898,83897,-1,one_cent,below,boleto,0,0
f8064d75afcef1bab867ff6ca9b829b7,delivered,2017-08-31 12:29:34,1,1,3,1,97000,6236,103236,103235,-1,one_cent,below,credit_card,0,0
f930a1f6247ed00d6fa9d8a09782c7b4,delivered,2018-06-05 12:28:11,1,1,5,1,24950,10357,35307,35306,-1,one_cent,below,credit_card,0,0
f9b4c8173a45d1b57d0bcf5400a6ccd4,delivered,2018-01-10 15:11:29,1,1,3,1,16456,4442,20898,20899,1,one_cent,above,credit_card,0,0
fb3cf8c9eb2412b0edc0a00a8f43a869,delivered,2018-05-29 14:07:25,1,1,5,1,33099,9039,42138,42139,1,one_cent,above,boleto,0,0
fb7b22bb2a29860909a25f91510e4292,delivered,2018-08-22 15:50:50,0,0,3,1,40970,3719,44689,44690,1,one_cent,above,boleto,0,0
fc0f2134e9a7cffb77d02c4754c264e8,delivered,2017-11-02 16:41:02,1,1,2,1,15780,3588,19368,19367,-1,one_cent,below,credit_card,0,0
fcf235b93f4a81b6f5125059c9793465,delivered,2018-02-07 22:05:17,1,1,3,1,13997,10250,24247,24248,1,one_cent,above,credit_card,0,0
fd1272ba40a94a5fbc6e9548a8486867,delivered,2017-11-01 09:57:54,1,1,2,1,5780,1680,7460,7459,-1,one_cent,below,boleto,0,0
fd571ab12e8d263eaf309774eedfcfeb,delivered,2017-08-02 17:13:38,1,1,3,1,89070,5800,94870,94869,-1,one_cent,below,boleto,0,0
fe35e99a6a5d4d036bf8167d364e0792,delivered,2018-08-09 10:43:05,0,0,4,1,23960,2300,26260,26259,-1,one_cent,below,credit_card,0,0
fecb65750b4fe05b8257f650b2e114a2,delivered,2017-11-03 12:45:33,1,1,2,1,19980,1696,21676,21675,-1,one_cent,below,credit_card,0,0
ffb18bf111fa70edf316eb0390427986,delivered,2017-11-27 13:29:05,1,1,3,1,56900,4825,61725,61724,-1,one_cent,below,credit_card,0,0
