customer_unique_id,sales_orders,product_sales_cents,product_sales_value,average_order_value,first_purchase_timestamp,last_purchase_timestamp,reviewed_orders,review_coverage_pct,average_review_score
0a0a92112bd4c708ca5fde585afaa872,1,1344000,13440.00,13440.00,2017-09-29 15:24:52,2017-09-29 15:24:52,1,100.00,1.00
da122df9eeddfedc1dc1f5349a1a690c,2,738800,7388.00,3694.00,2017-04-01 15:58:40,2017-04-01 15:58:41,2,100.00,5.00
763c8b1c9c68a0229c42c9fc6f662b93,1,716000,7160.00,7160.00,2018-07-15 14:49:44,2018-07-15 14:49:44,1,100.00,1.00
dc4802a71eae9be1dd28f5d788ceb526,1,673500,6735.00,6735.00,2017-02-12 20:37:36,2017-02-12 20:37:36,1,100.00,5.00
459bef486812aa25204be022145caa62,1,672900,6729.00,6729.00,2018-07-25 18:10:17,2018-07-25 18:10:17,0,0.00,
ff4159b92c40ebe40454e3e6a7c35ed6,1,649900,6499.00,6499.00,2017-05-24 18:14:34,2017-05-24 18:14:34,1,100.00,5.00
4007669dec559734d6f53e029e360987,1,593460,5934.60,5934.60,2017-11-24 11:03:35,2017-11-24 11:03:35,1,100.00,1.00
eebb5dda148d3893cdaf5b5ca3040ccb,1,469000,4690.00,4690.00,2017-04-18 18:50:13,2017-04-18 18:50:13,1,100.00,4.00
48e1ac109decbb87765a3eade6854098,1,459000,4590.00,4590.00,2018-06-22 12:23:19,2018-06-22 12:23:19,1,100.00,5.00
a229eba70ec1c2abef51f04987deb7a5,1,440000,4400.00,4400.00,2018-05-31 22:57:07,2018-05-31 22:57:07,1,100.00,5.00
fa562ef24d41361e476e748681810e1e,1,409999,4099.99,4099.99,2018-03-29 10:31:29,2018-03-29 10:31:29,1,100.00,5.00
ca27f3dac28fb1063faddd424c9d95fa,1,405900,4059.00,4059.00,2018-07-29 08:39:48,2018-07-29 08:39:48,1,100.00,4.00
011875f0176909c5cf0b14a9138bb691,1,399990,3999.90,3999.90,2017-03-18 20:08:04,2017-03-18 20:08:04,1,100.00,5.00
edf81e1f3070b9dac83ec83dacdbb9bc,1,399900,3999.00,3999.00,2017-04-18 20:37:26,2017-04-18 20:37:26,1,100.00,2.00
5e713be0853d8986528d7869a0811d2b,1,398000,3980.00,3980.00,2017-02-04 18:54:15,2017-02-04 18:54:15,1,100.00,5.00
f0767ae738c3d90e7b737d7b8b8bb4d1,1,393000,3930.00,3930.00,2018-05-14 15:15:30,2018-05-14 15:15:30,1,100.00,4.00
58483a1c055dfb600f57c5b867174542,1,389900,3899.00,3899.00,2018-06-05 12:45:17,2018-06-05 12:45:17,1,100.00,5.00
3fec1a05177762f279472253113d568a,1,370000,3700.00,3700.00,2018-03-21 15:06:34,2018-03-21 15:06:34,1,100.00,5.00
5d09b0d82126457e2a8ebfb9c9a1ffc4,1,369999,3699.99,3699.99,2017-02-10 10:19:22,2017-02-10 10:19:22,1,100.00,4.00
bc5e25094a7d51b6aee35236572e64f4,1,369000,3690.00,3690.00,2018-01-26 14:30:21,2018-01-26 14:30:21,1,100.00,5.00
