customer_state,sales_orders,reviewed_orders,missing_review_orders,review_coverage_pct,review_score_sum,average_review_score,low_score_orders,low_score_pct
SP,36959,36745,214,99.42,155933,4.24,3937,10.71
RJ,11496,11365,131,98.86,44860,3.95,2137,18.80
MG,10517,10451,66,99.37,43686,4.18,1251,11.97
RS,4983,4967,16,99.68,20713,4.17,606,12.20
BA,3070,3042,28,99.09,11899,3.91,529,17.39
PR,4514,4492,22,99.51,18984,4.23,501,11.15
SC,3310,3284,26,99.21,13527,4.12,437,13.31
ES,1880,1854,26,98.62,7538,4.07,262,14.13
DF,1918,1908,10,99.48,7882,4.13,253,13.26
GO,1815,1804,11,99.39,7371,4.09,242,13.41
PE,1495,1482,13,99.13,6033,4.07,226,15.25
CE,1210,1204,6,99.50,4719,3.92,214,17.77
PA,889,876,13,98.54,3398,3.88,162,18.49
MA,678,674,4,99.41,2566,3.81,138,20.47
MT,837,830,7,99.16,3436,4.14,106,12.77
MS,665,663,2,99.70,2767,4.17,86,12.97
AL,378,375,3,99.21,1436,3.83,81,21.60
PI,448,443,5,98.88,1763,3.98,73,16.48
PB,486,481,5,98.97,1954,4.06,73,15.18
RN,445,442,3,99.33,1819,4.12,61,13.80
SE,305,304,1,99.67,1172,3.86,60,19.74
TO,259,258,1,99.61,1065,4.13,33,12.79
RO,232,231,1,99.57,960,4.16,28,12.12
AM,141,140,1,99.29,596,4.26,18,12.86
AC,75,75,0,100.00,308,4.11,10,13.33
RR,40,40,0,100.00,156,3.90,6,15.00
AP,65,64,1,98.46,270,4.22,4,6.25
