customer_state,delivery_orders,late_orders,on_time_orders,late_delivery_pct,average_delivery_days,average_positive_delay_days
SP,36952,1524,35428,4.12,8.94,9.09
RJ,11496,1450,10046,12.61,15.75,13.73
MG,10517,507,10010,4.82,12.29,8.51
BA,3070,394,2676,12.83,19.77,12.01
RS,4982,315,4667,6.32,15.63,10.37
SC,3310,284,3026,8.58,15.29,8.25
ES,1880,213,1667,11.33,16.08,11.29
PR,4514,187,4327,4.14,12.26,8.43
CE,1210,175,1035,14.46,21.58,14.98
PE,1495,148,1347,9.90,18.78,11.97
GO,1815,125,1690,6.89,15.97,11.60
MA,678,122,556,17.99,21.89,10.46
DF,1918,111,1807,5.79,13.16,7.02
PA,889,106,783,11.92,24.33,12.82
AL,378,85,293,22.49,25.00,9.54
PI,448,66,382,14.73,19.85,13.35
MS,665,58,607,8.72,15.67,8.79
MT,837,53,784,6.33,18.40,10.64
PB,486,52,434,10.70,20.83,10.67
SE,305,51,254,16.72,22.21,16.20
RN,445,44,401,9.89,19.63,14.48
TO,259,25,234,9.65,17.96,6.92
RO,232,7,225,3.02,19.49,5.57
RR,40,5,35,12.50,29.91,36.40
AM,141,4,137,2.84,26.62,30.25
AC,75,3,72,4.00,21.34,18.67
AP,65,2,63,3.08,27.51,72.50
