seller_id,seller_state,delivery_orders,late_orders,on_time_orders,late_delivery_pct,average_delivery_days,average_positive_delay_days
4a3ca9315b744ce9f8e9374361493884,SP,1604,163,1441,10.16,14.86,11.64
1f50f920176fa81dab994f9023523100,SP,1335,124,1211,9.29,16.10,10.59
4869f7a5dfa277a7dca6462dcf3b52b2,SP,1031,115,916,11.15,15.59,9.26
ea8482cd71df3c1969d7b9473ff13abc,SP,1077,93,984,8.64,13.57,8.37
7c67e1448b00f6e969d365cea6b010ab,SP,946,88,858,9.30,22.56,12.41
cc419e0650a3c5ba77189a1882b7556a,SP,1620,85,1535,5.25,11.67,7.94
6560211a19b47992c3666cc44a7e94c0,SP,1607,83,1524,5.16,10.03,8.39
8b321bb669392f5163d04c59e235e066,SP,909,80,829,8.80,12.77,9.83
da8622b14eb17ae2831f4ac5b9dab84a,SP,1215,78,1137,6.42,11.46,12.21
955fee9216a65b617aa5c0531780ce60,SP,1188,74,1114,6.23,11.02,8.73
06a2c3af7b3aee5d69171b0e14f0ee87,MA,323,73,250,22.60,19.33,8.08
1025f0e2d44d7041d6cf58b6550e0bfa,SP,783,64,719,8.17,12.77,8.19
7d13fca15225358621be4086e1eb0964,SP,502,63,439,12.55,16.37,11.48
620c87c171fb2a6dd6e8bb4dec959fc6,RJ,636,62,574,9.75,13.14,10.77
3d871de0142ce09b7081e2b9d1733cb1,SP,1019,58,961,5.69,13.78,10.09
7a67c85e85bb2ce8582c35f2203ad736,SP,1102,58,1044,5.26,11.32,13.09
8160255418d5aaa7dbdc9f4c64ebda44,SP,340,51,289,15.00,16.72,12.75
fa1c13f2614d7b5c4749cbc52fecda94,SP,530,51,479,9.62,13.81,11.22
1835b56ce799e6a4dc4eddc053f04066,SP,346,42,304,12.14,14.12,9.74
391fc6631aebcf3004804e51b40bcf1e,SP,463,42,421,9.07,14.72,9.69
88460e8ebdecbfecb5f9601833981930,PR,214,41,173,19.16,18.28,9.68
855668e0971d4dfd7bef1b6a4133b41b,SP,293,38,255,12.97,16.41,10.79
4e922959ae960d389249c378d1c939f5,SP,392,37,355,9.44,14.74,7.03
e9779976487b77c6d4ac45f75ec7afe9,SP,575,37,538,6.43,10.22,12.92
a1043bafd471dff536d0c462352beb48,MG,669,35,634,5.23,13.90,8.89
e5a3438891c0bfdb9394643f95273d8e,SP,213,34,179,15.96,15.78,12.24
218d46b86c1881d022bce9c68a7d4b15,SP,360,32,328,8.89,14.18,12.50
cca3071e3e9bb7d12640c9fbe2301306,SP,610,32,578,5.25,14.40,15.16
897060da8b9a21f655304d50fd935913,SP,297,31,266,10.44,14.86,10.52
8581055ce74af1daba164fdbd55a40de,SP,367,31,336,8.45,13.23,11.61
77530e9772f57a62c906e1c21538ab82,PR,275,29,246,10.55,15.74,11.28
70a12e78e608ac31179aea7f8422044b,SP,302,29,273,9.60,14.85,8.52
1900267e848ceeba8fa32d80c1a5f5a8,SP,330,29,301,8.79,14.02,9.76
46dc3b2cc0980fb8ec44634e21d2718e,RJ,471,29,442,6.16,11.96,9.72
f7ba60f8c3f99e7ee4042fdef03b70c4,SP,187,28,159,14.97,14.19,10.54
7ddcbb64b5bc1ef36ca8c151f6ec77df,SP,324,27,297,8.33,12.73,12.15
c826c40d7b19f62a09e2d7c5e7295ee2,SP,335,26,309,7.76,13.53,8.69
7aa4334be125fcdd2ba64b3180029f14,SP,211,25,186,11.85,16.17,9.64
c3867b4666c7d76867627c2f7fb22e21,SP,221,25,196,11.31,15.69,12.76
ef506c96320abeedfb894c34db06f478,SP,295,25,270,8.47,13.82,12.08
16090f2ca825584b5a147ab24aa30c86,SP,356,25,331,7.02,9.57,11.60
d2374cbcbb3ca4ab1086534108cc3ab7,SP,465,25,440,5.38,15.18,7.28
f8db351d8c4c4c22c6835c19a46f01b0,SP,609,25,584,4.11,10.04,7.48
4c2b230173bb36f9b240f2b8ac11786e,SP,242,24,218,9.92,13.08,9.00
634964b17796e64304cadf1ad3050fb7,RJ,242,23,219,9.50,15.02,11.43
7142540dd4c91e2237acb7e911c4eba2,SP,309,23,286,7.44,14.82,10.52
128639473a139ac0f3e5f5ade55873a5,PR,513,22,491,4.29,14.48,9.55
2eb70248d66e0e3ef83659f71b244378,SP,185,21,164,11.35,18.15,8.19
fe2032dab1a61af8794248c8196565c9,SP,271,21,250,7.75,11.06,15.86
b2ba3715d723d245138f291a6fe42594,SP,308,21,287,6.82,14.16,10.00
53e4c6e0f4312d4d2107a8c9cddf45cd,SP,422,20,402,4.74,12.50,14.60
2c9e548be18521d1c43cde1c582c6de8,SP,120,19,101,15.83,13.98,16.26
cd68562d3f44870c08922d380acae552,SP,122,19,103,15.57,16.26,9.42
17e34d8224d27a541263c4c64b11a56b,SP,228,19,209,8.33,14.66,11.95
1ca7077d890b907f89be8c954a02686a,SP,106,18,88,16.98,15.57,5.83
7ad32824caee82087b3e2e5f33b1bf32,SP,115,18,97,15.65,13.54,7.72
37515688008a7a40ac93e3b2e4ab203f,SP,221,18,203,8.14,15.43,10.78
5dceca129747e92ff8ef7a997dc4f8ca,SP,313,18,295,5.75,11.63,8.56
2138ccb85b11a4ec1e37afbd1c8eda1f,SP,355,18,337,5.07,11.64,10.33
8f2ce03f928b567e3d56181ae20ae952,SP,142,17,125,11.97,14.45,9.88
b33e7c55446eabf8fe1a42d037ac7d6d,SP,145,17,128,11.72,16.47,9.65
7e1fb0a3ebfb01ffb3a7dae98bf3238d,SP,151,17,134,11.26,15.70,8.71
0dd184061fb0eaa7ca37932c68ab91c5,SP,152,17,135,11.18,12.01,13.12
431af27f296bc6519d890aa5a05fdb11,SP,114,16,98,14.04,17.40,10.06
b499c00f28f4b7069ff6550af8c1348a,SP,125,16,109,12.80,12.02,10.13
a416b6a846a11724393025641d4edd5e,SP,146,16,130,10.96,12.81,6.44
7d76b645482be4a332374e8223836592,SP,162,16,146,9.88,13.91,9.56
7040e82f899a04d1b434b795a43b4617,SP,182,16,166,8.79,11.07,7.81
fa40cc5b934574b62717c68f3d678b6d,SP,290,16,274,5.52,11.43,13.50
92eb0f42c21942b6552362b9b114707d,SP,304,16,288,5.26,13.79,6.56
dd7ddc04e1b6c2c614352b383efe2d36,SP,114,15,99,13.16,15.55,7.80
8b28d096634035667e8263d57ba3368c,SP,135,15,120,11.11,14.19,20.67
1554a68530182680ad5c8b042c3ab563,MG,214,15,199,7.01,14.55,19.07
59b22a78efb79a4797979612b885db36,MG,112,14,98,12.50,13.31,8.79
2e90cb1677d35cfe24eef47d441b7c87,SP,121,14,107,11.57,12.66,5.36
522620dcb18a6b31cd7bdf73665113a9,PR,154,14,140,9.09,15.65,8.71
54a1852d1b8f10312c55e906355666ee,SP,183,14,169,7.65,11.20,10.79
d1c281d3ae149232351cd8c8cc885f0d,SP,188,14,174,7.45,13.22,8.50
dc4a0fc896dc34b0d5bfec8438291c80,SP,206,14,192,6.80,14.23,11.00
7e93a43ef30c4f03f38b393420bc753a,SP,310,14,296,4.52,11.24,17.57
9f505651f4a6abe901a56cdc21508025,SP,320,14,306,4.38,8.58,12.29
4d6d651bd7684af3fffabd5f08d12e5a,SP,342,14,328,4.09,13.25,9.93
d91fb3b7d041e83b64a00a3edfb37e4f,SP,477,14,463,2.94,11.47,5.00
a673821011d0cec28146ea42f5ab767f,SP,107,13,94,12.15,14.06,13.08
e9d99831abad74458942f21e16f33f92,SP,125,13,112,10.40,13.16,11.38
cfb1a033743668a192316f3c6d1d2671,SP,127,13,114,10.24,12.45,5.85
9c0e69c7bf2619675bbadf47b43f655a,SP,137,13,124,9.49,15.03,24.31
cbd996ad3c1b7dc71fd0e5f5df9087e2,SP,153,13,140,8.50,13.17,14.54
f45122a9ab94eb4f3f8953578bc0c560,SP,176,13,163,7.39,12.91,11.31
7299e27ed73d2ad986de7f7c77d919fa,MG,310,13,297,4.19,11.58,10.08
76d5af76d0271110f9af36c92573f765,SP,113,12,101,10.62,11.73,4.83
edb1ef5e36e0c8cd84eb3c9b003e486d,RJ,150,12,138,8.00,12.53,13.75
de23c3b98a88888289c6f5cc1209054a,SP,156,12,144,7.69,11.12,8.75
ccc4bbb5f32a6ab2b7066a4130f114e3,PR,157,12,145,7.64,16.95,17.58
f262cbc1c910c83959f849465454ddd3,SP,181,12,169,6.63,9.18,7.25
001cca7ae9ae17fb1caed9dfb1094831,ES,194,12,182,6.19,13.43,12.08
de722cd6dad950a92b7d4f82673f8833,PE,316,12,304,3.80,12.95,7.75
a3e9a2c700480d9bb01fba070ba80a0e,SP,113,11,102,9.73,13.59,7.27
25c5c91f63607446a97b143d2d535d31,MG,147,11,136,7.48,14.74,7.45
4b9750c8ad28220fe6702d4ecb7c898f,SP,167,11,156,6.59,10.46,16.55
f457c46070d02cadd8a68551231220dd,PR,169,11,158,6.51,14.82,10.55
a3a38f4affed601eb87a97788c949667,SC,223,11,212,4.93,12.77,15.45
85d9eb9ddc5d00ca9336a2219c97bb13,MG,458,11,447,2.40,14.91,7.55
c31eff8334d6b3047ed34bebd4d62c36,SP,106,10,96,9.43,12.94,2.60
ef0ace09169ac090589d85746e3e036f,RJ,121,10,111,8.26,13.17,15.20
48436dade18ac8b2bce089ec2a041202,SP,130,10,120,7.69,14.59,18.20
0be8ff43f22e456b4e0371b2245e4d01,SP,142,10,132,7.04,10.55,8.40
c003204e1ab016dfa150abc119207b24,SP,158,10,148,6.33,10.21,12.20
e9bc59e7b60fc3063eb2290deda4cced,PR,170,10,160,5.88,14.12,11.40
8d956fec2e4337affcb520f56fd8cbfd,SP,176,10,166,5.68,9.67,6.80
0241d4d5d36f10f80c644447315af0bd,PR,199,10,189,5.03,11.67,9.60
87142160b41353c4e5fca2360caf6f92,RS,286,10,276,3.50,11.14,8.00
53243585a1d6dc2643021fd1853d8905,BA,298,10,288,3.36,13.73,10.00
dbc22125167c298ef99da25668e1011f,MG,366,10,356,2.73,11.81,11.60
e5a38146df062edaf55c38afa99e42dc,SP,112,9,103,8.04,12.57,15.22
c9c7905cffc4ef9ff9f113554423e671,SP,115,9,106,7.83,11.39,11.67
6a8b085f816a1f75f92dbac6eb545f8f,SP,116,9,107,7.76,14.85,27.44
00ee68308b45bc5e2660cd833c3f81cc,SP,129,9,120,6.98,9.82,13.44
66922902710d126a0e7d26b0e3805106,MG,136,9,127,6.62,11.63,6.67
004c9cd9d87a3c30c522c48c4fc07416,SP,149,9,140,6.04,14.83,11.56
0c8380b62e38e8a1e6adbeba7eb9688c,MG,156,9,147,5.77,13.74,25.56
41b39e28db005d9731d9d485a83b4c38,SP,169,9,160,5.33,12.56,9.00
1c129092bf23f28a5930387c980c0dfc,SP,182,9,173,4.95,11.95,6.33
850f4f8af5ea87287ac68de36e29107f,SP,182,9,173,4.95,10.31,7.22
4830e40640734fc1c52cd21127c341d4,SP,183,9,174,4.92,10.36,6.78
ceaec5548eefc6e23e6607c5435102e7,SP,185,9,176,4.86,13.34,12.33
1da3aeb70d7989d1e6d9b0e887f97c23,SP,236,9,227,3.81,8.71,11.11
3c7c4a49ec3c6550809089c6a2ca9370,SP,133,8,125,6.02,9.74,14.88
6d66611d7c44cc30ce351abc49a68421,SP,143,8,135,5.59,12.79,7.25
5656537e588803a555b8eb41f07a944b,DF,146,8,138,5.48,11.53,11.13
2e1c9f22be269ef4643f826c9e650a52,SP,153,8,145,5.23,9.88,9.75
813348c996469b40f2e028d5429d3495,SP,170,8,162,4.71,10.21,9.13
c70c1b0d8ca86052f45a432a38b73958,SP,214,8,206,3.74,7.75,11.63
562fc2f2c2863ab7e79a9e4388a58a14,SP,234,8,226,3.42,11.60,10.50
70eea00b476a314817cefde4aad4f89a,SP,101,7,94,6.93,13.56,10.57
f5a590cf36251cf1162ea35bef76fe84,SP,106,7,99,6.60,11.99,14.86
01fdefa7697d26ad920e9e0346d4bd1b,PR,110,7,103,6.36,11.40,5.43
59fb871bf6f4522a87ba567b42dafecf,SP,112,7,105,6.25,12.15,4.86
213b25e6f54661939f11710a6fddb871,SP,114,7,107,6.14,15.54,6.43
17a053fcb14bd219540cbde0df490be0,SP,116,7,109,6.03,12.43,12.00
7178f9f4dd81dcef02f62acdf8151e01,SC,199,7,192,3.52,15.80,6.57
37be5a7c751166fbc5f8ccba4119e043,SP,269,7,262,2.60,10.65,9.14
0adac9fbd9a2b63cccaac4f8756c1ca8,SP,101,6,95,5.94,13.41,12.83
79ebd9a61bac3eaf882805ed4ecfa12a,PR,113,6,107,5.31,16.07,6.50
bfd27a966d91cfaafdb25d076585f0da,SP,114,6,108,5.26,12.42,7.67
7008613ea464bad5cb9b83456e1e6a8f,SC,120,6,114,5.00,14.63,8.00
2528513dd95219a6013d4d05176e391a,SP,138,6,132,4.35,11.08,14.17
9b013e03b2ab786505a1d3b5c0756754,SP,144,6,138,4.17,9.00,9.67
669ae81880e08f269a64487cfb287169,SC,153,6,147,3.92,12.14,13.17
0b90b6df587eb83608a64ea8b390cf07,PR,155,6,149,3.87,14.74,8.83
1a3df491d1c4f1589fc2b934ada68bf2,SC,159,6,153,3.77,14.92,6.67
95e03ca3d4146e4011985981aeb959b9,RJ,166,6,160,3.61,12.70,21.00
6edacfd9f9074789dad6d62ba7950b9c,SP,180,6,174,3.33,9.07,3.83
080102cd0a76b09e0dcf55fcacc60e05,MG,103,5,98,4.85,10.25,6.00
1b4c3a6f53068f0b6944d2d005c9fc89,SC,108,5,103,4.63,14.52,12.00
710e3548e02bc1d2831dfc4f1b5b14d4,PR,118,5,113,4.24,14.96,9.80
aafe36600ce604f205b86b5084d3d767,SC,123,5,118,4.07,12.59,11.60
0db783cfcd3b73998abc6e10e59a102f,SP,127,5,122,3.94,11.73,13.80
db4350fd57ae30082dec7acbaacc17f9,SP,127,5,122,3.94,10.84,7.40
1c68394e931a64f90ea236c5ea590300,PR,130,5,125,3.85,16.69,20.60
537eb890efff034a88679788b647c564,RJ,133,5,128,3.76,9.59,9.60
44073f8b7e41514de3b7815dd0237f4f,DF,140,5,135,3.57,13.26,6.80
dd2bdf855a9172734fbc3744021ae9b9,MG,100,4,96,4.00,14.53,10.50
5a8e7d5003a1f221f9e1d6e411de7c23,SP,117,4,113,3.42,10.64,2.25
7722b1df1b0e383e000397b2c11e3e19,SP,123,4,119,3.25,8.60,4.00
36a968b544695394e4e9d7572688598f,SP,135,4,131,2.96,11.19,4.00
2a84855fd20af891be03bc5924d2b453,MG,141,4,137,2.84,9.03,25.00
86ccac0b835037332a596a33b6949ee1,SC,169,4,165,2.37,12.23,10.75
c3cfdc648177fdbbbb35635a37472c53,PR,255,4,251,1.57,10.04,3.00
25e6ffe976bd75618accfe16cefcbd0d,SP,100,3,97,3.00,10.30,11.00
1e8b33f18b4f7598d87f5cbee2282cc2,SP,107,3,104,2.80,8.15,1.33
8a32e327fe2c1b3511609d81aaf9f042,SP,116,3,113,2.59,8.45,1.00
5cf13accae3222c70a9cac40818ae839,MG,127,3,124,2.36,11.03,8.67
b76dba6c951ab00dc4edf0a1aa88037e,SP,130,3,127,2.31,10.71,14.67
d98eec89afa3380e14463da2aabaea72,RS,156,3,153,1.92,8.71,23.00
e26901d5ab434ce92fd9b5c256820a4e,SP,194,3,191,1.55,9.26,7.00
6c7d50c24b3ccd2fd83b44d8bb34e073,SP,101,2,99,1.98,12.58,6.00
1127b7f2594683f2510f1c2c834a486b,SP,104,2,102,1.92,9.52,5.00
229c3efbfb0ea2058de4ccdfbc3d784a,MG,114,2,112,1.75,10.77,12.00
b4ffb71f0cb1b1c3d63fad021ecf93e1,SP,129,2,127,1.55,10.20,10.00
259f7b5e6e482c230e5bfaa670b6bb8f,SP,130,2,128,1.54,8.90,10.00
cab85505710c7cb9b720bceb52b01cee,SP,176,2,174,1.14,10.11,6.50
0ea22c1cfbdc755f86b9b54b39c16043,MG,200,2,198,1.00,11.19,8.50
8c16d1f32a54d92897cc437244442e1b,SC,100,1,99,1.00,11.15,9.00
17ca9b9e9b9ef8fdb529001b49ebb50f,MG,103,1,102,0.97,8.52,10.00
ce27a3cc3c8cc1ea79d11e561e9bebb6,SP,111,1,110,0.90,9.14,3.00
0bae85eb84b9fb3bd773911e89288d54,SP,128,1,127,0.78,10.38,4.00
12b9676b00f60f3b700e83af21824c0e,RS,128,1,127,0.78,15.40,15.00
6cd68b3ed6d59aaa9fece558ad360c0a,MG,142,1,141,0.70,10.43,3.00
fc906263ca5083d09dce42fe02247800,MG,111,0,111,0.00,9.46,
