category_label,sales_orders,item_count,product_sales_cents,product_sales_value,sales_share_pct,cumulative_sales_share_pct
health_beauty,7766,8505,109780005,1097800.05,8.98,8.98
watches_gifts,5093,5433,108561233,1085612.33,8.88,17.85
bed_bath_table,8669,10244,95826032,958260.32,7.83,25.69
sports_leisure,7024,7869,89276808,892768.08,7.30,32.99
computers_accessories,6114,7186,84407881,844078.81,6.90,39.89
furniture_decor,5785,7488,65203199,652031.99,5.33,45.22
cool_stuff,3406,3555,58650624,586506.24,4.80,50.01
housewares,5164,6139,55275068,552750.68,4.52,54.53
auto,3430,3731,52798578,527985.78,4.32,58.85
toys,3590,3800,44568804,445688.04,3.64,62.49
garden_tools,3287,4073,44535375,445353.75,3.64,66.14
baby,2568,2719,37156622,371566.22,3.04,69.17
perfumery,2828,3059,35536321,355363.21,2.91,72.08
telephony,3829,4129,27230309,272303.09,2.23,74.31
office_furniture,1218,1624,25893621,258936.21,2.12,76.42
computers,166,186,20777265,207772.65,1.70,78.12
stationery,2099,2283,20678105,206781.05,1.69,79.81
pet_shop,1506,1708,18559877,185598.77,1.52,81.33
small_appliances,580,629,17492527,174925.27,1.43,82.76
musical_instruments,571,609,17345666,173456.66,1.42,84.18
Unknown category,1351,1492,16685805,166858.05,1.36,85.54
electronics,2391,2598,14357937,143579.37,1.17,86.72
fashion_bags_accessories,1661,1815,13914569,139145.69,1.14,87.85
consoles_games,939,1002,13548826,135488.26,1.11,88.96
luggage_accessories,953,1008,13160938,131609.38,1.08,90.04
construction_tools_construction,612,754,11919133,119191.33,0.97,91.01
home_appliances_2,207,210,9850441,98504.41,0.81,91.82
home_construction,439,548,7512141,75121.41,0.61,92.43
home_appliances,685,691,7238863,72388.63,0.59,93.02
agro_industry_and_commerce,161,185,6547904,65479.04,0.54,93.56
furniture_living_room,368,445,6088546,60885.46,0.50,94.06
home_confort,377,413,5576717,55767.17,0.46,94.51
fixed_telephony,178,218,5120904,51209.04,0.42,94.93
audio,322,334,4834421,48344.21,0.40,95.33
air_conditioning,222,256,4775367,47753.67,0.39,95.72
small_appliances_home_oven_and_coffee,55,56,4359284,43592.84,0.36,96.07
books_general_interest,460,499,4350248,43502.48,0.36,96.43
kitchen_dining_laundry_garden_furniture,221,253,4341051,43410.51,0.35,96.78
industry_commerce_and_business,220,251,3577452,35774.52,0.29,97.08
construction_tools_safety,138,158,3480300,34803.00,0.28,97.36
construction_tools_lights,186,239,3174447,31744.47,0.26,97.62
market_place,256,281,2551707,25517.07,0.21,97.83
fashion_shoes,230,252,2246527,22465.27,0.18,98.01
art,177,179,2217591,22175.91,0.18,98.19
costruction_tools_garden,171,209,2140752,21407.52,0.18,98.37
food,336,381,2043425,20434.25,0.17,98.54
drinks,263,334,2010658,20106.58,0.16,98.70
signaling_and_security,122,175,1948946,19489.46,0.16,98.86
books_technical,228,234,1721844,17218.44,0.14,99.00
furniture_bedroom,72,83,1678160,16781.60,0.14,99.14
costruction_tools_tools,83,89,1464818,14648.18,0.12,99.26
food_drink,205,248,1391427,13914.27,0.11,99.37
fashion_male_clothing,101,120,991884,9918.84,0.08,99.45
fashion_underwear_beach,114,124,900870,9008.70,0.07,99.53
christmas_supplies,115,140,820847,8208.47,0.07,99.59
tablets_printing_image,79,83,752841,7528.41,0.06,99.66
cine_photo,55,61,607918,6079.18,0.05,99.71
music,30,30,551674,5516.74,0.05,99.75
dvds_blu_ray,54,58,450389,4503.89,0.04,99.79
furniture_mattress_and_upholstery,37,37,432338,4323.38,0.04,99.82
books_imported,49,56,366986,3669.86,0.03,99.85
party_supplies,24,28,317990,3179.90,0.03,99.88
fashio_female_clothing,31,39,237277,2372.77,0.02,99.90
Untranslated: portateis_cozinha_e_preparadores_de_alimentos,9,10,213003,2130.03,0.02,99.92
la_cuisine,13,14,205499,2054.99,0.02,99.93
fashion_sport,25,28,202462,2024.62,0.02,99.95
diapers_and_hygiene,21,33,113400,1134.00,0.01,99.96
flowers,29,33,111004,1110.04,0.01,99.97
Untranslated: pc_gamer,6,7,108795,1087.95,0.01,99.98
arts_and_craftmanship,14,15,91225,912.25,0.01,99.98
cds_dvds_musicals,12,14,73000,730.00,0.01,99.99
home_comfort_2,22,28,68747,687.47,0.01,99.99
fashion_childrens_clothes,7,7,51995,519.95,0.00,100.00
security_and_services,1,1,10000,100.00,0.00,100.00
