category_label,delivery_orders,late_orders,on_time_orders,late_delivery_pct,average_delivery_days,average_positive_delay_days
bed_bath_table,8669,659,8010,7.60,13.33,11.21
health_beauty,7766,591,7175,7.61,12.43,10.38
sports_leisure,7023,472,6551,6.72,12.52,10.83
furniture_decor,5785,422,5363,7.29,13.29,11.24
computers_accessories,6113,395,5718,6.46,13.46,10.69
watches_gifts,5091,377,4714,7.41,13.17,10.14
telephony,3829,280,3549,7.31,13.22,9.41
housewares,5164,276,4888,5.34,11.51,11.22
auto,3429,258,3171,7.52,12.82,13.05
toys,3589,231,3358,6.44,11.91,11.45
garden_tools,3287,222,3065,6.75,13.88,10.73
baby,2568,208,2360,8.10,13.05,12.00
cool_stuff,3406,199,3207,5.84,12.51,11.96
perfumery,2828,187,2641,6.61,12.22,11.52
electronics,2391,185,2206,7.74,13.14,9.49
stationery,2099,136,1963,6.48,13.10,12.26
Unknown category,1351,100,1251,7.40,12.85,10.44
office_furniture,1218,99,1119,8.13,20.73,13.42
fashion_bags_accessories,1661,97,1564,5.84,11.46,9.61
pet_shop,1506,77,1429,5.11,11.75,8.40
consoles_games,939,60,879,6.39,13.97,11.33
musical_instruments,571,43,528,7.53,13.40,13.00
construction_tools_construction,612,42,570,6.86,11.63,14.00
audio,322,41,281,12.73,13.97,8.41
luggage_accessories,953,41,912,4.30,11.12,8.49
home_confort,377,36,341,9.55,13.95,13.89
home_construction,439,27,412,6.15,13.60,13.48
books_general_interest,459,27,432,5.88,11.85,7.63
small_appliances,580,27,553,4.66,11.06,9.44
home_appliances,685,27,658,3.94,11.53,7.04
furniture_living_room,368,26,342,7.07,14.49,12.15
food,336,21,315,6.25,11.09,19.33
books_technical,228,18,210,7.89,11.17,7.11
industry_commerce_and_business,219,15,204,6.85,11.10,9.80
drinks,263,14,249,5.32,10.80,13.14
home_appliances_2,207,13,194,6.28,14.12,22.46
construction_tools_lights,186,12,174,6.45,10.41,5.83
fashion_underwear_beach,114,11,103,9.65,14.06,8.36
kitchen_dining_laundry_garden_furniture,221,11,210,4.98,12.39,8.91
fashion_shoes,230,11,219,4.78,15.90,10.64
christmas_supplies,115,10,105,8.70,16.12,14.70
computers,166,10,156,6.02,14.25,12.30
air_conditioning,222,10,212,4.50,11.94,12.50
market_place,256,10,246,3.91,12.17,11.80
fixed_telephony,178,9,169,5.06,12.74,9.67
costruction_tools_garden,171,8,163,4.68,12.29,3.38
art,177,8,169,4.52,11.37,3.00
food_drink,205,8,197,3.90,11.20,14.88
agro_industry_and_commerce,161,7,154,4.35,11.92,11.29
signaling_and_security,122,6,116,4.92,11.29,17.83
furniture_mattress_and_upholstery,37,5,32,13.51,14.43,15.20
furniture_bedroom,72,5,67,6.94,14.60,9.00
costruction_tools_tools,83,5,78,6.02,12.82,4.60
fashion_male_clothing,101,5,96,4.95,12.76,10.20
dvds_blu_ray,54,4,50,7.41,13.09,7.00
cine_photo,55,4,51,7.27,11.13,3.00
small_appliances_home_oven_and_coffee,55,4,51,7.27,10.91,4.75
tablets_printing_image,79,4,75,5.06,12.83,10.75
construction_tools_safety,138,4,134,2.90,12.42,14.25
home_comfort_2,22,3,19,13.64,15.10,12.67
music,30,2,28,6.67,12.13,18.00
fashio_female_clothing,31,2,29,6.45,12.59,4.00
books_imported,49,2,47,4.08,8.03,6.00
Untranslated: portateis_cozinha_e_preparadores_de_alimentos,9,1,8,11.11,9.08,3.00
arts_and_craftmanship,14,1,13,7.14,6.05,4.00
fashion_sport,25,1,24,4.00,10.63,8.00
flowers,29,1,28,3.45,11.49,5.00
Untranslated: pc_gamer,6,0,6,0.00,10.28,
cds_dvds_musicals,12,0,12,0.00,10.92,
diapers_and_hygiene,21,0,21,0.00,10.20,
fashion_childrens_clothes,7,0,7,0.00,8.82,
la_cuisine,13,0,13,0.00,7.74,
party_supplies,24,0,24,0.00,10.31,
security_and_services,1,0,1,0.00,11.06,
