month,all_period_orders,sales_orders,excluded_orders,product_sales_cents,product_sales_value,average_order_value
2017-02,1780,1653,127,23422340,234223.40,141.70
2017-03,2682,2546,136,35919885,359198.85,141.08
2017-04,2404,2303,101,34066968,340669.68,147.92
2017-05,3700,3546,154,48933825,489338.25,138.00
2017-06,3245,3135,110,42192337,421923.37,134.58
2017-07,4026,3872,154,48160452,481604.52,124.38
2017-08,4331,4193,138,55469970,554699.70,132.29
2017-09,4285,4150,135,60739967,607399.67,146.36
2017-10,4631,4478,153,64824765,648247.65,144.76
2017-11,7544,7289,255,98776537,987765.37,135.51
2017-12,5673,5513,160,72603319,726033.19,131.69
2018-01,7269,7069,200,92464500,924645.00,130.80
2018-02,6728,6555,173,82643713,826437.13,126.08
2018-03,7211,7003,208,95335625,953356.25,136.14
2018-04,6939,6798,141,97353409,973534.09,143.21
2018-05,6873,6749,124,97754469,977544.69,144.84
2018-06,6167,6099,68,85607786,856077.86,140.36
2018-07,6292,6159,133,86795346,867953.46,140.92
