month,all_period_orders,delivery_orders,excluded_orders,late_orders,on_time_orders,late_delivery_pct,average_delivery_days,average_positive_delay_days
2017-02,1780,1653,127,49,1604,2.96,13.17,20.80
2017-03,2682,2546,136,116,2430,4.56,12.95,25.43
2017-04,2404,2303,101,151,2152,6.56,14.92,12.34
2017-05,3700,3545,155,106,3439,2.99,11.32,12.54
2017-06,3245,3135,110,95,3040,3.03,12.01,14.26
2017-07,4026,3872,154,108,3764,2.79,11.59,11.69
2017-08,4331,4193,138,122,4071,2.91,11.15,8.79
2017-09,4285,4150,135,182,3968,4.39,11.85,9.38
2017-10,4631,4478,153,187,4291,4.18,11.86,9.24
2017-11,7544,7288,256,904,6384,12.40,15.16,11.18
2017-12,5673,5513,160,411,5102,7.46,15.39,9.73
2018-01,7269,7069,200,403,6666,5.70,14.08,11.88
2018-02,6728,6555,173,926,5629,14.13,16.95,12.58
2018-03,7211,7003,208,1328,5675,18.96,16.30,10.02
2018-04,6939,6798,141,306,6492,4.50,11.50,10.40
2018-05,6873,6749,124,443,6306,6.56,11.42,7.10
2018-06,6167,6096,71,71,6025,1.16,9.24,13.35
2018-07,6292,6156,136,208,5948,3.38,8.96,8.42
