customer_state,sales_orders,product_sales_cents,product_sales_value,average_order_value,sales_share_pct
SP,36959,462823868,4628238.68,125.23,37.84
RJ,11496,164561520,1645615.20,143.15,13.45
MG,10517,143714464,1437144.64,136.65,11.75
RS,4983,67162547,671625.47,134.78,5.49
PR,4514,62049797,620497.97,137.46,5.07
BA,3070,46843739,468437.39,152.59,3.83
SC,3310,46753157,467531.57,141.25,3.82
DF,1918,27374641,273746.41,142.72,2.24
GO,1815,25967573,259675.73,143.07,2.12
ES,1880,25052042,250520.42,133.26,2.05
PE,1495,23710718,237107.18,158.60,1.94
CE,1210,20775617,207756.17,171.70,1.70
PA,889,16319584,163195.84,183.57,1.33
MT,837,14587084,145870.84,174.28,1.19
MA,678,11159772,111597.72,164.60,0.91
MS,665,10972954,109729.54,165.01,0.90
PB,486,10445749,104457.49,214.93,0.85
PI,448,8033692,80336.92,179.32,0.66
AL,378,7615848,76158.48,201.48,0.62
RN,445,7501573,75015.73,168.57,0.61
SE,305,5146690,51466.90,168.74,0.42
TO,259,4584665,45846.65,177.01,0.37
RO,232,4221079,42210.79,181.94,0.35
AM,141,2177514,21775.14,154.43,0.18
AC,75,1489468,14894.68,198.60,0.12
AP,65,1318081,13180.81,202.78,0.11
RR,40,701777,7017.77,175.44,0.06
